login,PASS
cde-sede,1
mriaud,1
lsanglas,1
tbaskhan,1
klaurier,1
mriaud,1
lsanglas,1
enolbas,1
asulisti,1
cde-sede,1
mriaud,1
irostagn,0
plefevre,1
cboukhal,1
upean-de,1
lcalvie,1
sdieme,0
cberganz,1
recarlie,1
kejean,0
cescudie,1
doverdin,1
bracle,0
mbourgeo,1
lscordel,0
rvuarche,0
omallet,0
rhadji,0
lpeglion,0
bgrulois,1
rstradi,1
dduchang,1
lleveque,1
rgouveno,0
tbrebion,1
sohemami,1
asaidane,0
cdailly,0
cjolivet,0
rbicanic,1
amaratov,0
sjundt,0
rle-thie,1
tda-silv,1
mamendez,1
ljoffo,1
tkurashe,1
shdorlin,1
sekhan,1
ageslin-,0
azinabi,0
dzybin,1
amukenge,0
jsemel,1
aduguet,1
agras,1
aloutchk,0
anrechai,1
pyildiri,0
seongbic,0
achoux,1
hthiam,0
aasli,1
ssubasic,0
acoignet,0
rdalbera,1
artblin,1
fbenoit-,0
cdine,1
ghaidar,0
pmandel,1
aperis,1
mabid,1
gvalton,0
ntan,1
chilee,1
ariollet,0
dravin,0
sbourat,0
iduval,1
diroyer,1
sydauria,1
mmoulard,0
bcardell,0
rsung,1
sojung,1
nade-la-,1
pdecauch,0
jherve,0
lberrada,1
lotmanza,1
dpaccagn,1
hdo-minh,1
imarushe,1
alemarch,1
rlelot,0
sspinola,0
sfitzpat,1
vle-gal,0
jfrachet,0
dpenas-b,0
drosa,0
rhadj-ra,0
ykim2,1
alambert,1
cemendes,1
vbauer,1
sanauth,1
ypages,1
lpandion,0
jbonniva,1
ymartine,0
sbouzi,0
egeorgio,1
akazouin,0
xbaudhui,1
arudy,1
aboin,0
bsylla,0
jprunier,0
meudes,0
aberaud,0
wgogoua,1
wcalvat,0
migmarqu,0
cleclerc,0
tpedago,1
julien451,0
kzoleyn,0
mschaeff,0
vquiniou,0
lperez-b,0
mmariett,0
nloison,0
ekoch-sc,0
akerael,0
gkanso,0
lharbonn,0
amdubois,0
cdi-piet,0
ndesoutt,0
cbezzito,0
rantonin,0
namkim,1
ltorrean,1
ktashbae,1
dorian,0
jaehwkim,1
gkitoko,1
bsuso,0
ngiroux,1
asiepak,0
dbourgeo,0
azerrouk,0
navailla,0
lmarecha,1
epopova,1
ychun,1
dpiliuk,1
kfiskaal,1
evsuits,1
aalleon,1
jtaravel,1
fimaan,0
mepaudat,0
nraiman,1
galtange,1
snait-la,0
rkocagol,1
ltournou,0
azacharo,0
flarcher,1
manguyen,0
rtrabels,0
sahmed,0
radaoudi,1
marmougo,0
kamanfo,1
mfritz,0
jyildiri,1
lvideira,0
kenaubry,1
hyujung,1
raddoun,0
hrode,1
trode,0
hperenne,0
jlatti,0
arosado-,1
jekamby-,0
fsoliman,0
embedois,1
gclausse,1
vkrajcov,1
csou,0
palbanes,1
nchow-yu,1
hbeuneu,0
ejoseph,0
mjabelme,0
xle-baux,1
mcourtoi,1
rmakki,0
alandry,1
larmillo,0
gdussin,0
nmunoz,1
amoreau,0
ffriat,1
ybadji,0
aschiffe,1
aguillar,1
pbergera,0
cvernay,1
jbouyer,1
vascher-,0
mkonte,0
audreyer,1
ecolin,1
pkorsako,1
ageffry,0
mmistler,0
gsaid,1
flchen,0
claclau,1
mbascuna,1
arougebi,0
pperol,1
lcamus,1
agunesli,1
oguerbao,1
dsainval,0
lpontes,0
ldinaut,1
cdudzik,1
mbouzid,0
nmalouli,0
tfoyer,0
mcouppe,1
jfrancai,1
ffougear,1
lalu,0
ggobert,1
jbesnier,1
bdauge,0
edpontes,0
mghulami,0
ekhalfa,0
ajean,0
aleximar,1
mdouiri,1
gcojocar,1
mvasquez,0
mkebbach,0
amattei,1
alefranc,1
gle-mini,1
rde-vara,0
vbonning,0
rleseur,1
maparigi,1
pagarcia,0
ucieutat,1
cdaveux,1
hlagrang,0
ayakdi,1
mkaploun,1
nha,0
tboettge,0
sabdalla,0
mdaguene,0
lferkous,0
znaoui,1
pszleper,1
iba,0
ccambium,1
acave,0
wdebotte,1
yatang,1
abeninca,0
lcohen,0
lguillau,1
maboubak,0
habdelba,0
sdore,0
ktrevis,0
alagier,0
nboratko,1
shabibol,1
phabets,1
rhak,0
maddi,1
ecsillag,0
shammouc,1
lchan,1
jmbede,0
fleitz,1
ceatgie,1
mmorvan,0
aaquesbi,0
gkapanog,0
cdurand,1
ktolba,0
eruellan,1
tbesson,1
bsakho,0
mde-gour,0
bnguyen,0
grivoire,1
thuynh,0
mde-frei,0
mmillion,1
dangot,0
nbabajee,0
prondeau,0
lcorpora,1
ssan-mar,0
jecolmou,1
emcariot,1
dmurariu,0
apayet,1
anlefebv,0
iazimzha,1
cmassavi,1
demo,1
pharmund,1
ksaffron,1
wmozella,1
sebonie,1
surythim,1
deleusis,1
marmand,1
cjoie,1
hbecki,1
loadarys,1
aregenia,1
emarion,1
ntojamur,1
mcustard,1
rbell,1
cjudie,1
tpeggie,1
hfast,1
jannabel,1
klemongr,1
zuranus,1
vseel,1
cvixen,1
dhawkgir,1
decordel,1
hloki,1
renstein,1
kdominic,1
ereed,1
elerika,1
yoyostud,1
mgiacova,1
sdorlin,1
mtroiano,0
agengemb,1
amontant,1
lhafsia,0
gllorca,1
ctob,0
ktebani,0
rbourbia,0
qqin,0
lfouliar,0
mlancar,0
szouhir,0
hubretec,1
mbalp,0
jjennat,0
clvicent,1
nfelsemb,1
rchan--r,1
nrobin,0
bboudjem,0
bruellan,1
brivet,0
vahemere,1
mmillox,0
maabidal,1
sloquet,1
lcarnet,0
rbanat,1
azheng,1
ephauv,0
seozcan,1
gusalle,1
mchirosc,0
adiallo,1
zbelmilo,0
mbedu,0
rcarles,1
hhouda,1
kisikaya,1
bsavinel,1
lmudra,0
ahallak,0
bassouev,1
tliot,1
gcaretto,0
edaguene,0
jschapin,1
ckhalil,0
acadet,0
avasilye,0
ymlanao,0
ade-beta,1
kjean,0
hel-herd,0
engooh,1
oalbarad,0
cbouziri,0
nthimoni,1
achevron,1
mcombeau,1
maufrech,0
hperrin,1
qmoreau,1
aaugis,0
mcherel-,1
bgohin,1
eamar,1
vbarbier,1
ebarbeau,0
fadiallo,1
eleotard,1
fpetit,0
lchartra,0
nflan,1
ssaidi,0
douattar,1
jrossett,1
msoungui,0
sal-kurd,1
rhadid,0
schaehun,1
pleoma,1
stsamual,1
qsergean,1
tlaticia,1
latahbah,1
vjina,1
tnaton,1
ptoshiko,1
mikabuto,1
ale-tri,0
mmalphit,1
leantoni,1
urycherd,1
fmarsha,1
rmorel,1
fzaiem,0
zyasuo,1
ntitan,1
lchristi,1
plouvel,1
bjanette,1
enollet,0
icanamas,0
mservier,0
sbillot,0
mcorso,1
taubin,0
phalfaia,0
lhafsi,1
jgautier,1
egiordan,0
lthay,0
akone,0
ddebnath,0
qmoindze,0
qlejamte,0
lsipile,1
hbelhaou,0
jrojas-c,1
mkhedhir,1
bregneau,1
ple-stra,1
nlahlouh,0
rsiravo,0
gsiravo,0
nle-bret,1
ssedkaou,0
tcolas,0
jbezuel,0
rben-you,0
athiam,0
yboutlel,0
tidurand,1
fbarthez,0
hhadj-sa,0
mriant,1
jmaia,1
bhoumoua,0
cjimenez,1
eantonel,0
mabaach,0
wcastres,0
lng-sai-,0
nuxu,1
rstrub,1
hesong,1
tbousque,1
lguyon,1
mbenet,0
yutang,0
rlanani,1
fchapon,0
dvedrenn,0
piboidin,1
gboidin,0
madelaha,1
adubocag,0
jgreau,1
aquesada,1
isacko,0
kmileron,0
sabadoud,0
dde-melo,0
elpastor,1
rchamla,0
twane,1
elmestou,1
anremiki,1
smaguemo,0
javasilo,0
dbarua,0
maroly,1
pli,1
jmolvaut,1
xdevant,0
jule-mer,1
lebackor,1
bfiguet,1
abrisse,1
hdeliere,0
ambouren,1
sjosy,0
ncadet,0
mtiercel,0
mnavasio,0
wiharel,1
dgauvin,1
noabdull,0
ksagbo,0
mwillion,1
tollivie,0
mczul,0
jdubilla,1
mprud-ho,0
bbordere,1
rcasado-,0
qmeunier,0
pphongph,0
ayim,0
mbarroso,1
smostefa,1
bsalort,0
kychoi,1
amyroshn,1
dganouna,0
mastie,1
nguiard,1
vchan,1
lbesnard,1
jcampagn,1
klangloi,0
elouisia,1
mrouzeva,0
lkhamlac,1
dtaghzou,0
sprevot,1
dhubleur,1
mrakotom,0
bhabie,1
mabriel,1
pprabaka,0
sdahmani,0
lloisel,1
clmurphy,1
lheurtev,1
khamdi,0
hbembnis,1
ndurand,1
sdebbih,0
haissiak,0
ldevy,1
ahennes,0
fdai,0
mgirardo,1
mpetel,0
qnguyen-,0
ppignol,0
adouhane,0
arichale,0
tperes,1
aisagyno,0
skhali,1
pekeita,0
smartino,1
yamidoul,0
zcheikh,0
rbougras,0
brhajji-,1
yliao,1
adben-mc,1
rgrelon,0
bverdier,0
ytamagou,0
cleibeng,1
swillis,1
hmechich,1
apigeon,1
bdetune,1
nbenoit,0
agouet,1
pwu,1
jcervoni,1
qcherel,1
xluu,0
cmarion,1
mfaucheu,1
srodrigu,0
zquedevi,0
esouchal,0
aovide,0
gmary,1
mboutaou,0
ffournie,0
ebeghdal,0
mrasolom,0
rpottier,1
snouar,0
nburat-d,1
sle-huec,1
dbogicev,0
pyengo,0
qxia,1
abonard,1
tmarie--,1
oaarsse,1
cbayle,0
guguen,0
rliu,1
yluu,0
cmarouf,1
fassier-,1
jlapie,0
aweaver,1
olarbi,0
lsezettr,0
cloew,1
msaunier,0
kizapang,0
tsouleim,0
vstahl,0
mbonny-e,1
chsimon,1
kbroggi,0
tdesmet,1
ghanquer,1
anouvell,0
rhaidara,0
dbaudry,0
maitelli,0
ftran-th,0
flevaill,0
bvignero,0
kozdemir,0
alorain,1
lmaury,0
akadid,0
lseiller,1
mberquer,1
amassy,0
cfazaldi,0
itahani,1
bpilatre,0
mababou,1
frrusso,1
atapia-d,0
mnicelli,0
hkovac,1
ykondo,1
hkodaira,1
cmunier,0
codeathon01,1
codeathon02,1
shavok,1
ftonita,1
ufitzhug,1
lcaitlyn,1
gernesto,1
stycho,1
abernita,1
ymaragre,1
einterdi,1
cdell,1
falarm,1
gopal,1
jgoldste,1
cgregory,1
amoriah,1
fcassand,1
mhamdi,0
aurelien,0
hardella,1
eraynald,1
cpollito,1
bpirzad,1
rarnold,1
glautumn,1
bnidia,1
bleaf,1
hlaunch,1
darlene,1
phippocr,1
aseptimu,1
gajayme,1
ameteori,1
nnelson,1
ateak,1
thsiu,1
jobject,1
hkory,1
ncarob,1
chawke,1
airis,1
crender,1
ibourena,0
bnicolas,0
mpourrey,1
mpoirier,0
mmaric,1
ntower-p,0
lissa-mh,0
lsongne,0
inait-sa,0
llepiney,1
tbaskhan,1
klaurier,1
cde-sede,1
mriaud,1
lsanglas,1
enolbas,1
asulisti,1
irostagn,0
lbenatta,1
plefevre,1
gamichau,1
makoch-l,1
ltissera,0
jsepulve,0
craucoul,0
slam,1
myevou,1
jamar,1
kylam,1
mdakhcha,0
ylareo,0
fhelali,0
bazaluga,1
amarcus,0
alouis-l,0
tschneid,1
ckoli-pe,0
afabijan,0
dseng,1
claferri,1
msmaili,0
malizade,1
yaoughli,0
mgangsud,0
npatte--,0
vbondoc-,0
skucuk,0
bsidibe,0
mda-cunh,1
jdoukhan,1
nrobinso,1
thannguy,0
mjean-lo,1
kel-hamd,0
sduvnjak,0
nhaddou,0
lgasqui,1
vdelatou,0
lleciak,1
hailuo,1
kpoilly,1
aduvilla,1
dalbino-,0
mobarthe,0
vpiton,1
alblanc,1
fsuyarov,0
kdragano,0
arahidou,0
niroy,1
gchenot,1
jvittoz,1
lirenter,0
ysow,0
lquehec,1
lcialini,0
altawana,0
hocal,0
vprugnia,0
mmaharem,0
jhansana,0
jsarda,1
bince,1
maduneau,1
alican,0
akhaleqi,0
battal,0
blagriff,0
rserre--,0
pnelson,0
deschbac,0
cdeville,1
nkuhne,0
vfaure,1
jdijeont,0
mebuglet,0
yaatlaou,1
sasoysal,0
lpoun,0
smillot,0
emillot,0
lbehr,1
ggay,1
kammi,1
mechard,1
sasingh,0
yhariche,0
rgallien,1
mhassoun,0
bgoulard,1
jmadriag,0
pchowdhu,0
cyaid,1
amouyabi,0
abdmessa,1
lseng,0
tmaynadi,0
lvicino,1
mkane,1
ael-mank,1
eberatto,0
umosse,1
aherve,1
dagudelo,1
ftripoli,1
lannette,0
jarroub,1
sohamid,0
acarpent,1
majuge,0
obouayed,1
thgavril,0
achosson,0
mguyomar,1
yben-yag,1
mphilipp,0
fdesbois,1
edegraev,1
cschmid,1
famana,1
nsimouss,0
acaetano,1
atonkopi,1
jcaicedo,0
saras,0
abutet,1
nlefebvr,0
jole-tie,0
mel-yand,1
xlebecq,1
alucas,1
ajamshid,1
clalor,0
camgagli,0
ade-rese,1
imuraine,0
zyounsi,0
zmahboub,0
yu-hchen,0
ysaidyes,0
cbulteau,0
cbuttigi,0
crigoulo,0
cminka,0
cdupre,0
cpaillou,0
cgaglian,0
bgezek,0
bwabi,0
abanzrag,0
afaligot,0
amsenevi,0
aclery,0
ale-dinh,0
bball,1
yrimek,1
sderrien,1
fraffael,1
cdebeauv,0
nialper,0
akhamass,1
machouba,1
dbelkace,0
istripol,1
legrandc,1
aguesdon,0
sdorkeno,0
imudaiev,0
thdurand,1
gaperaud,1
ludervil,0
malemire,0
hlescure,1
marida-c,1
ldoyen--,1
nstanoje,0
ycorbeau,0
glions,1
qlecourt,0
mlakhdha,0
raimane,0
ale-guen,1
jperrin-,0
poriou,1
emfourni,1
mslaby,0
tlay,1
amcassag,0
vrosse,0
jzaffran,0
mabertin,0
hel-hari,0
mbouyala,1
tdiehl,0
gtraiman,1
ugvallio,0
tbavoux,1
eryanik,0
sanait-l,1
rvissing,0
namalier,1
medamnat,0
tjeantet,0
mpenaran,1
kel-malt,1
jlebard,1
yaferrei,0
xabaudhu,1
amosnier,0
knavarre,1
bluciana,0
mbecker,1
sjaaball,0
mrouillo,0
gdoubrem,1
fsamwele,0
argirard,0
msallami,0
hholovin,0
alkravch,0
jbergero,1
omsolima,0
lmoheyma,1
elyao,1
ikuika,1
abellard,0
fren,0
bdjebali,0
tcousin,1
aammour,0
aduzan,0
gchilly,0
mabboud,1
ahyoon,0
lagourib,0
ticouvre,1
isam,0
mervkili,1
manbengh,1
cgelgon,1
ebaboula,1
asnc,0
laboussa,0
ocussy,1
norozco,0
fgacougn,1
atrabut,1
aturtsch,0
ichellal,0
adjennad,0
ocrobin,1
kasingh,1
maxgonca,0
ple-guya,1
stouitou,1
thelee,1
lhojoon,1
yamrani,0
ggund,0
thole,1
ivoet,1
ijabir,1
yripert,0
enorie,1
ahenault,1
averin,1
nastrakh,0
miolivie,0
junsan,1
rhamini,1
vlu,0
dbaladro,1
jtaing,1
rmahrez,0
mrabines,1
abarucq,0
olardeux,1
abougrai,1
gbonis,1
chanypar,1
slyonnet,0
aautin,1
kpires,1
acroue,1
lcherif,0
aurlic,1
ucoste,0
aciezadl,1
smolines,1
chuchen,1
rarossi,0
ilandois,0
kleung-t,1
ybeaucou,1
mle-tuto,0
dmallet,0
yawang,1
gchamore,1
osulzyns,1
etrignau,0
albeninc,1
panagono,0
htong,1
mabonny-,1
jchaib,0
antalves,0
plangloi,1
traccurt,1
pibosc,1
refiesqu,0
rbououn,1
zakchouc,1
tbras,1
tlebon,1
thaba,0
aattali,1
drbourge,1
eburnet,1
ade-fran,1
lmerveil,1
japouzet,0
npigeon,1
ybucaill,1
redrouic,1
ealizier,0
jthommae,0
ssitchsa,1
sumseo,1
lucarodr,1
yamartin,1
natieme,0
jlabonde,1
gesteban,0
yyoro,0
ouchouai,1
gmoulin,1
dakojic,1
anferre,1
neblech,1
aargh,0
lifan,1
michen,1
nledien,0
cornguye,1
facarval,1
fmichael,0
mtarnaud,1
psantama,0
vtixier,0
akurpis,0
earsac,1
bfaisy,1
mgrondin,0
mafevrie,1
ihibti,1
pscala,1
rabouzia,1
erighari,0
jayzatov,1
lberne,1
mhamidi,1
huhequet,0
aamegris,0
mhammaci,0
jhatchi-,1
cviegas,1
sratal,0
malia,1
anhphan,1
scely,1
albestae,1
espinto-,1
kmiloudi,0
jlinguet,1
refarjal,0
cassassa,1
glabaden,1
aibonade,1
fmolinie,0
hachento,1
inbennou,1
gcampbel,1
ndarouec,1
yparthen,1
luvallee,1
vabertau,1
ecabaret,1
mle-gars,0
fhagrige,0
mcollas,1
vlevy,1
rcuzzuco,0
nrea,1
randrieu,0
jalp,0
hobodji,0
dliuzzo,1
sidoufke,0
lgernido,1
mtoko,0
sdeutsch,1
msavane,0
nagallez,1
mbahar,0
khouatta,1
kpetit,1
bamrane,0
skarina,1
aternovs,0
nduong,0
samraoui,1
apenel,0
ccaignar,1
bfleury,1
vcabaye,0
yaniang,0
diguler,1
anaouali,1
hdiallo,1
jla-chon,1
dhouth,0
ogille,0
jdurisch,0
bewolf,0
maarmoug,1
lguerari,0
algultse,1
agleizes,1
aboukerr,1
nlambert,1
sachour-,0
oalain,0
mzabar,0
isapavad,1
pmagnero,1
yhsiao,1
ygranier,0
ylin,0
slandais,0
tkhiev,0
rajragba,1
cbriand,0
rcutte,1
wicastre,0
pnguyen-,1
rhasan-m,1
afontele,1
ycoste,0
maemaldo,1
jblaye,1
dzolotuk,1
shessas,0
vvaudain,1
twaharte,0
jerperez,1
tjoyeux,1
kbourdie,0
mescoda,1
gdietric,0
sokaraku,1
bsunda,1
ognako,1
prajalin,0
mcloud,0
hnormand,0
yu-chen,1
ybelatar,1
aicoulib,1
lspacces,0
jsimouli,0
lvastel,1
rjolly,0
qgiraux,1
hsaidani,0
rfortuno,0
msolet-l,1
dprieur,0
jmafueni,1
jaung,1
mararauj,0
gbouguer,1
mahmadi,0
malemi,0
amalgonn,1
hrevel,1
hel-mout,0
abaaziz,0
asiavosh,0
nlamaouc,0
momrane,1
isampson,0
ceduong,0
olbokanc,1
armohame,1
ygibert,0
kdaumont,1
ybouhara,0
abasdere,1
crferna2,1
mfevrier,0
comendez,0
hnovaist,0
mverquin,0
kluvanvi,0
t-hemdan,0
yfausto-,0
tlin-ler,0
m-metair,0
atraore-,0
lleckeia,0
mgibson,0
dbouazza,0
c-ah-kia,0
rlin,0
elemarti,0
umitsuna,0
sleonida,0
vgirardo,0
sdomjan,0
elvillan,0
yngan,0
shuynh,0
kanlim,0
astuder,0
sngandje,0
eemilia,0
bushanov,0
avasquez,0
mforthom,0
e-mhadhe,0
s-mikhal,0
n-mir,0
jclavert,0
jruyssch,0
dmahcene,0
fbenabed,0
ubaris,0
acassagn,0
hsavchen,0
abey,0
jpouzet,0
c-chiha,0
nkazouin,0
clamaral,0
eyao,0
abokanch,0
a-gonzal,0
amielbes,0
fsadeghm,0
qjean-jo,0
jinsua-m,0
cdesmora,0
lrenteri,0
lkalkoul,0
g-tapia,0
desainva,0
lteixeir,0
ginacio,0
jmassamb,0
dbastos-,0
nviandi-,0
mzachari,0
ckoh,0
klvandal,1
mathmorv,1
alrivet,0
qtravert,0
octoross,1
pdegasne,1
notamr-a,1
leraab,0
svydrina,1
gaydin,0
fazejli,1
nolwegon,0
haparent,1
lybey,1
ilymegy,1
nm-bondj,0
sgoldenb,1
alarzill,0
amelbesh,0
dkaidano,0
sokhalid,0
canocent,1
dley,1
jchaudhr,0
tabelaid,1
elcesped,1
santadji,1
laroges,1
aducobu,1
soutin,1
cmouhda,0
kabouabi,0
ktranel,0
astephan,1
bmoudach,1
chaesong,0
lseghier,1
alyildiz,1
janguyen,1
amaurice,1
jbouheli,0
almarie-,0
shuppert,1
staher-a,0
afdani,0
ycoffre,0
mabengha,0
nhamissa,0
yalamsal,1
mgousse,0
aule-qui,0
iben-che,1
adzinabi,1
gabbasi,0
hanjebou,1
guforest,0
elrichar,1
armeyer,1
switt,1
rleroy,1
ningomez,0
julemonn,1
sal-haja,1
amoutarl,1
djaghila,0
pgiqueau,0
lbarry,1
bdelamea,1
athiebau,1
pmateo,1
jdufour,1
kkhelifi,0
afrisett,1
hauerbac,1
tczerkie,0
lchiu,1
erosol,0
lucravoi,1
lboudjel,1
kosipova,1
gsurugue,0
apiotrau,1
jmastora,1
ltorkia,1
jdahmani,0
ebouvier,1
amhappio,0
ankouka-,0
dkott,1
boferdja,1
ekanegaw,0
mileca,1
mguerche,0
tlallaou,0
moadam-e,0
galambey,1
kboulkri,1
mvachera,1
sbouhama,1
adberaud,1
eydahan,1
dlacuey,1
raragban,0
cjozefzo,1
jdenis,1
yasaich,1
boriol,0
sdiop,0
zachamou,1
jbocktor,1
rmorice,1
sautar,0
alahmed,0
ahayon,1
bahuc,0
agomes-g,1
robhak,1
pmohanra,1
jermarti,1
mmoutous,0
shdrider,0
bdutronq,0
beurbah,1
robeltra,0
pabertha,1
mapoirie,1
mmenguen,0
fadrame,0
maloubay,0
aiblaha,0
madiawar,0
sizitout,1
nrachid,0
kaganahi,0
ghirst,1
nfino,0
ccarnot,1
jihalee,1
mhoyer,1
jaquino,0
clachery,0
jp-de-to,1
mpicardo,0
nafontai,1
ptessier,1
ymouret-,0
estegana,1
tsaint-p,1
yachen,1
rbadji,0
dluong,1
rlalmaho,0
trysinsk,1
amben-ha,1
sahadjal,0
mlaporte,1
mmerillo,0
rmouchel,1
kvalence,0
akrivono,0
ldoucour,0
dgouilli,0
cxu,1
lpeltrau,0
ccirciu,0
lvesperi,0
mmoussao,0
ncrombez,1
vandre,1
mduchene,1
csaunier,1
amaiga,0
emibarre,0
eltouma,1
blecoq,1
tmethia,1
lzaengel,1
abaudril,0
npaolett,1
nmecili,0
pleon,0
rmeriau,1
dvalino-,1
aarjona,0
abousset,0
skhallat,1
lannur-s,1
carferre,0
fbourgeo,1
rtorres-,0
sdehak,0
cabdli,1
latashya,0
dcamara,0
pasingh,0
tmaillar,1
sniroshi,0
akammere,0
agomes-d,0
djones,0
robegonz,0
niromano,1
ymerabet,0
afali,0
bkaps,0
annabrag,1
ddjafour,0
mguidouc,0
ykeriou,0
smahtali,0
relia,0
inerodri,0
nounaha,0
spappala,0
rabichou,0
lmbongo-,0
haelmial,0
cbonda-t,0
aharriet,0
adoutrel,0
rfarjall,0
dakiana,0
amukokom,0
naemoham,0
lmaillar,0
lechen,0
dbrunier,0
ndeghedi,0
erinconv,0
nducrey,0
nfontep,0
aripolle,0
molivier,0
marobin,0
fmaciver,0
hbelhaj,0
alphilip,0
ykayem,0
daroulpe,0
sbamba,0
ycalimou,0
kvitous,0
awilsonv,0
shamid,0
jtrajkov,0
vfleith,0
lsutormi,0
tafker,0
anajai,0
janon,0
jafker,0
souisti,0
lfahim,0
fhoang,0
iyoussef,0
abouflij,0
nbouflij,0
cngaka-i,0
nkaren,0
cpicinal,0
alequini,0
bbarroux,0
cbarroux,0
hnsabima,0
nmbondji,0
vjusdado,0
mikram,0
embarre,0
lpaine,0
kamrar,0
ckebdi,0
abrovche,0
nbouhabe,0
soperrin,0
sbellili,0
mwright,0
jandrieu,0
fpicardo,0
lbiby,0
cdeneu,0
cfitas,0
emode,0
fhammouc,0
ccarre,0
mbenghar,0
lkiffel,0
ahallagu,0
sriefely,0
kvandal,0
ibennoun,0
tbourouh,0
cpeuvrie,0
otorossi,0
jrabain,0
apeuron,0
jlemonni,0
avohnout,0
fzejli,0
lbey,0
hajeboui,0
mbuglet,0
qliu,0
lfan,0
sabouhas,0
etouma,0
lvallee,0
palmathe,0
svelayou,0
fndiaye,0
asimonbr,0
cheysen,0
tvu,0
dcatana,0
cvitous,0
skhellad,0
aelbeshb,0
mzennadi,0
sosman,0
esegana,0
rkouroum,0
felabbou,0
smanole,0
avandens,0
ngalleze,0
erichard,0
alsemiai,0
elchan,0
jheyraud,0
mdelikay,0
lelyousf,0
ychen,0
jpdetorr,0
nbelkerm,0
abogosav,0
ifadili,0
srouyar,0
emmarint,0
mpalaise,1
letnitan,1
lfang,0
emoreau,1
tlivroze,1
bmirlico,1
egharios,0
mserrier,0
ddania-c,1
pdescham,0
akusniak,1
rkhercha,0
okshyvny,0
csnollae,0
hedubois,1
imeguenn,0
abourass,0
amouhtar,0
lletourn,1
adkazoui,1
mmonin,0
lpinto-s,0
tloyan,0
terussar,1
anouri,1
abarry,0
olim,0
dsenatus,1
lusezett,1
scourbis,0
emis,1
cchouire,0
jferment,1
kharfach,1
mblatier,0
tadiyamu,1
kbatzori,1
eseddiki,0
cqin,1
abeaudui,1
yatamago,1
cmbarga-,0
madjogou,1
lcaillol,0
ayael-ou,1
tedelin,1
nredon,0
carnaud,1
smamouni,0
ijemlaou,0
oozel,0
ple-lez,1
hepompid,1
mapierre,1
pbeaudet,0
yaassila,1
lgoure,1
olimarti,1
sadonair,0
nlesage,1
vde-leus,1
nbely,0
mbordeau,0
asaleem,0
ltonneli,1
bben-nay,0
lprorovn,0
ranki,1
kemilero,0
pferreir,1
skoguet,0
ryahyaou,1
mdorr,1
asekmani,1
ael-guah,0
saoge,0
elangloi,0
abardon,0
acolson,1
kbouzegh,1
rbroque,1
jsabound,1
kgezgin,1
tbannery,0
vlignon,0
maburnet,1
alunard,0
cyfloris,0
amhaddad,0
malopez,0
aseibold,1
dguler,0
yijin,1
syakovle,1
qletaill,0
mtortrot,1
amugnier,1
ccoste,1
pduhamel,1
nspeciel,1
vrichard,0
anvincen,1
ahemono,0
ndeglane,0
sbouderb,0
mbaboin,0
esauvair,0
ankuntzm,0
slondy,0
nfauvez,1
dmaximci,1
smilosav,1
lellong-,1
jvan-tic,0
abouchez,1
lcozdenm,1
dtenzen,1
jo-tan,1
dtelnov,1
aringard,0
ale-sain,1
ahappio,0
datran,1
thrio,1
amounib,0
elehmime,0
tmalless,1
dkeraudr,1
klecrut,0
aduchoss,1
igallet,0
mgayitar,0
hathiam,0
pgermain,0
tbasse,0
cmonblus,0
brleroy,0
emichele,0
yramassa,0
edesaint,1
abeaulat,0
draharin,0
cchour,0
abenamar,1
lpham-tr,0
pbizien,1
clbernar,1
hahounkp,0
yet-tahe,0
abinet,1
kquerel,1
nicda-si,0
ele-rouz,1
jrouillo,1
asaint-g,1
mkoch-le,0
laurpere,0
mbekouch,1
eloevenb,1
mapellet,0
axbrisse,1
sfaugere,1
madavid,1
tkavisha,1
jehubert,1
ankhabar,1
abengrin,1
shkwon,0
lmathiot,0
sbenouat,1
mklimina,1
rigraine,1
ymehlil,1
mcassimi,1
tgernez,1
nabeng,0
hvercell,1
mvescham,1
cmornard,0
hturcat,1
amguilla,1
ngriveau,1
abenchou,0
cdeprez,0
chademin,0
jpfeiffe,0
amalekni,0
bmetehri,1
mlouisy-,0
anasri,0
jlaval,0
nbechon,1
lgrandco,0
tvillann,1
aquere,0
lrossiny,0
tcolasan,0
fdemoy,0
aahmadi,1
cfelix,1
mmardere,1
nlegrand,1
agordien,0
maldiall,0
lfournea,0
lbrochar,1
bebigel,1
rreshetn,0
tbae,1
lcharvet,0
azahouan,0
dichabre,0
ael-youb,1
khoumoua,0
makoita,0
ajourdy,0
maborde,0
wmessmer,1
svalma,0
djghilan,0
ale-garr,0
tchevrie,1
sadorlin,1
llaparre,0
rtissera,1
rshay,1
geudes,1
arincon,1
itchinda,1
rfaudot,0
dsydelny,1
jportier,1
keferrei,0
nlam,1
jaddai-d,0
snaji,1
arenard,0
tczarnia,1
ejankovs,1
mnedjar,0
abmansou,1
addebadi,1
subekono,0
cmerand,0
lechrist,0
njouslin,0
yzblah,0
bdiop,0
csy,1
mudoh,1
znebbach,1
zhuang,0
shawang,0
aberramo,1
lsoum,0
wbilan-l,0
lbrillar,0
jachbaro,0
atardif,1
rjulien,0
aolwagen,1
mtondu,0
madam-es,0
lhachele,0
sagouasm,1
ygherbi,0
nwyseur,1
otaher,0
gpeta,1
ytaieb,1
ftuernal,1
hchereau,1
nibenoit,1
tgalland,0
rverissi,0
lnocera,0
anrey,0
aastegia,0
bbresil,1
mgrede,0
bhommeri,0
cfrancie,1
bemudiay,0
amaricou,0
phgoncal,0
adupeley,0
tpriyang,1
smaharra,0
acrespy,1
tsakyi,0
cbernaze,1
jbury,0
jorgonza,0
mcatal-d,1
sqarouan,0
muffholt,0
smence,0
dpradel,0
jperpetu,0
rlevallo,0
bkehr,0
hmonchat,0
gollier,0
fthomine,0
tvester,0
khuseyno,1
hgirard,1
qallain,0
kleveque,0
csun,0
ddjoehan,1
avapaill,1
tkara,0
rcoulon-,0
axtoutai,1
pamarcha,0
lazanett,1
bschulze,0
jdegluai,1
hchen,0
adaubry,0
mallain,1
trvarnie,0
tauer-wi,0
rarslano,0
mtorgue,0
qfeng,1
utenret,1
aharkati,0
jhasni,0
sbenhadd,0
vegret,1
agadea,1
gfaugero,0
cbouet,0
kbartel,0
mdoucet,0
jmosbah,0
vdudilli,0
nluu,0
xuluu,1
phabibis,1
pcheron,1
lpradene,1
rastie,1
jnaintre,0
fboulell,0
yiyoon,0
baalbade,1
ykerrouc,0
ucani,0
zachaban,1
robuisso,0
sizenk,0
burbah,0
mcolomb,0
amallet,0
hpompido,0
ckala-lo,0
bbigel,0
hmottu,0
mdelisle,0
obilly,0
ibitam,0
mdamnati,0
soge,0
spontes,0
mde-chat,0
mpaulhia,0
stang,0
jromanet,0
rbadr,0
clorrain,0
kdiallo,0
sdiaoula,0
vgiacome,0
sbektach,0
ehabibif,0
amkone,0
bemartin,0
mzoyem,0
yboktaev,0
ycai,0
arey,0
llaize,0
lheude,0
cli,0
mamorvan,0
rmatabad,0
mchea,0
lrabakoa,0
iraddadi,0
nrakotoa,0
fleal,0
rumartin,0
orhorten,0
ckaffe,0
sniangba,0
mferchan,0
jdelva,0
rrugard,0
sbekono,0
rimane,0
akoksal,0
dgardabo,0
cfloriss,0
mvautrot,1
cbeugnet,0
hzeglil,0
rngono,0
lpoujaud,0
ahay,0
mzoubir,0
albourbo,0
pchatter,0
sgaston-,0
emichon,0
dghilani,0
mangelo,0
mlouriki,0
sfranciu,0
cpoujouk,0
bmudiayi,0
fde-la-b,0
rdemesy-,0
rjoundy,0
nbadaoui,0
klakhbab,0
ewax,0
nblech,0
clopes,0
acarnec,0
jaljala,0
ebouphav,0
malin,0
cpoiny,0
iouachan,0
ikaddour,0
jfratoni,0
camontie,0
ssoumpho,0
jrakhaou,0
fkounga,0
dbelly,0
adiarra,0
fvagnon,0
kde-last,0
sblond,0
adouart,0
mkouanda,0
lgalipo,0
cmadrang,0
mlamure,0
rlunda,0
lauperei,0
mvrevin,0
ktajina,0
cchartra,0
acolmene,0
hhounkpo,0
tsabi,0
alygauti,0
asohail,0
mbulaths,0
akrost,0
mpellett,0
raghbola,0
ykaspeli,0
lroges,0
blue,0
gremit,0
aaffoque,0
ihuang,0
amolina,0
dokoulam,0
crouceir,0
nchefai,0
dkimbimb,0
iazmray,0
bmiskovi,0
nel-agaw,0
lkhantou,0
llaghoua,0
ekingbo,0
smedioun,0
sdonaire,0
ptalanov,0
kmaouche,0
kgeorgie,0
tmilie,0
sghanem,0
ibouras,0
snewstea,0
atabutau,0
souhsan,0
hben-mab,0
nogonzal,0
klhamu,0
sdescamp,0
iselbonn,0
mmarigna,0
ltnitan,0
csomarri,0
lzanetti,0
ltrenou,0
ocjolly,0
ichemlal,0
inolivei,0
hsy,0
mpierre-,0
aritz,0
takli,0
lidos-sa,0
aduhamel,0
akhabaro,0
mardiall,0
mforget,0
mdiakite,0
croseau,0
nmekhmou,0
apercey,0
efontain,0
ctizzano,0
hdubois,0
ccordier,0
khale,0
smolina-,0
sbelian,0
ovanseve,0
pmathey,0
umalgazh,0
hmaille,0
thnguyen,0
epilache,0
ktukhvat,0
loda-sil,0
mbarthel,0
liehrhar,0
lzheng,0
ocoherit,0
aalumni,0
maya,1
rikhenac,0
cmontiel,0
lehrhart,0
achevala,1
mle-biha,1
kfrancoi,1
kportela,0
sissaad,1
kyacini,1
mvorslov,1
amarna,1
hchentou,0
samzil,1
mtongaha,0
imoumini,1
smessal,1
ndeknop,0
aseisenb,1
pdura,0
nbled,1
eminatch,1
csenecha,1
elallema,1
wcista,1
oboutarf,1
lahadj-l,0
joniel,0
atabi,1
tantoni,1
sbelabba,1
blefebvr,1
tbaril,1
vescaffr,1
mvicedo,1
adohou,1
jlopes-m,1
mhwang,0
vvimeux,0
ymhoumad,1
hoapham,0
mdahmane,0
smuraro,0
fsamassa,0
jbenedet,0
meshahrv,1
mmahtal,0
oraingar,0
lpiochau,0
rimbert,1
adouay,1
thgabell,1
pbeheyt,1
ryounssi,1
acloos,1
amahla,1
gdouguet,0
ilinhard,1
halvarez,1
cboumbou,0
mboundao,0
rben-tkh,1
tchantha,0
hel-boug,0
hferjani,1
nmogenet,0
mgruson,1
nlorion,1
tlivigni,0
zel-kass,1
gperaude,0
ede-smet,1
nosaroki,0
myassine,1
grivo,0
tokerman,1
lvasilic,0
aaduan-b,1
lkurdy,1
qlefevre,1
eedy,1
zhamdouc,1
awallet,1
vdumonti,0
sgresser,0
antda-si,1
ykuo,1
bculot,0
rlouvrie,1
mlamarcq,1
edoumouy,0
nbagou,1
smecili,1
clandes,1
stclemen,1
nzincenk,0
bilic,0
mdahraou,1
cle-goff,0
vdoropou,1
aquincho,1
jthimoni,1
parracha,1
mlesieu,0
ldervill,0
mlemire,0
jmilcent,0
owalsh,1
sel-maar,1
mtritsch,1
ibenzian,1
qcosta,1
clacaill,1
anocchim,0
rvrignon,1
tchantro,1
sbahnin,1
cchapon,1
gcomlan,1
ade-tena,1
cciron,0
algeorge,1
chillion,1
mujmoham,0
lde-luze,0
rkaaouac,0
hjamault,0
averdurm,0
jmarin,0
menkhtuv,0
jkougbea,0
sleleu,1
tblandin,0
ggosse,1
eannesta,0
lbonnet-,0
imraoui,1
pgros,1
auzun,1
dtondu,1
vmourtia,1
bdelord,0
anmande,1
frgojard,1
achen,1
gdukuray,1
znogueir,1
abernard,0
btraore,0
iel-hann,0
lrahma,0
ybelkadi,0
ablevin,1
nroggia,0
fbily,1
saguesse,1
ymboma,0
tboudot,0
kpakhmut,0
tmarigna,0
mhen,0
gdouieb,0
mkiener,0
meudier,1
akouoi,1
yridgway,1
gmansuy,1
mrincon-,0
tgorezia,0
lmontgom,0
nlecouri,1
ekartals,0
nasamadi,1
pco,0
qrolland,1
jgarcia,1
slahlou,1
cbettoni,0
yono-dro,0
avassor,1
hcolin,0
mdorion,1
foctavia,1
pmaimait,1
jischoi,1
aseremet,1
sozouhir,0
azhurbin,0
apellegr,1
tdemars,0
ndegheb,0
sade-oli,0
ilandols,1
sbeylot,1
lsalin,1
mbelyazi,0
rarollan,1
mhamadi,0
rvasseur,0
hlebas,0
dkermia,1
hstephan,1
bdarenne,0
zbrezino,0
falatta2,0
efournou,1
jryu,0
phoenix,1
nsartral,1
ndamba,0
pgiraude,1
fduzant,1
zchabane,0
sbenikhl,0
ntardy,1
abrevier,0
dbessas,0
jenivain,0
ovillers,0
khuynh,1
fllanet,1
roumbare,1
bstacher,0
skip,0
amanasse,1
caboudar,1
aselnet,1
mmeneses,0
mcherkao,1
tmejri,1
npetitpi,1
sdebara,0
rben-ham,0
coky,0
gpotier,0
ppajot,1
jcalon,1
ftarabia,0
elmaleuv,1
iyamani,0
mfroissa,1
jdescham,0
nmouslim,1
sdiongue,0
jthuysba,1
mbelrhaz,1
nmattera,1
hmsaidie,1
mattia,0
cgoin,0
eli-zhen,0
nklingsh,1
myyou,1
albrun,0
hborn,1
pgothi,0
scheriet,0
krechard,0
sewang,0
adegain,1
dnieto-c,1
loumouli,1
sferrero,0
arozenba,0
adeprez,0
vpolleux,1
fabifern,1
shaouam-,0
clouedoc,0
abessa-g,0
tlassara,1
oguix,0
mogarcia,0
odessein,1
fwong,1
gtoubol,1
rgarrigo,1
agardett,1
dzhou,0
mbenicho,1
ctherin,1
kouattar,0
omouret,0
cda-cost,0
bducru,0
mfeldman,1
slistle,1
jpenna,0
vtessier,0
gamoreno,1
svermal,0
oajayi,0
jsauvage,1
cfontain,1
jsmee,0
ajeanne,1
mel-alla,0
mmeguedm,1
jucheval,1
gkehren,1
ndupuy,0
mmarin,1
mshirazi,0
ntamr-ag,0
foster,1
vribes,0
mdelort-,0
rvincent,1
jdebbah,0
npinthie,0
gpirmisa,0
cdelcloq,0
jgrandge,0
lchapot,1
aouichou,1
opohl,0
nseniak,1
mede-sou,1
nghulam-,1
yboudoui,1
jixu,0
troberts,1
zbouassa,0
cle-du,0
sgouasmi,0
ljospin,1
jgrenier,0
lgohier,0
mduleme,1
kdhrif,1
sdris,0
fhadhri,1
sabchi,0
gedufay,0
motero,1
tde-grav,1
nileguil,1
jlucien,1
khle,1
lgiband,1
aphilipp,0
rcatini,1
climousi,0
hhrnjici,0
soabbas,1
aweber,0
ctrinite,1
hazan,0
hchesnea,1
jmalatia,0
ykaouane,0
kguenoun,0
cmartin-,1
acharpen,0
bbanzar,0
yanthoma,1
mpignet,1
hfleury,0
aocchimi,0
osoliman,0
ccheyrou,1
gfranque,1
julmuntz,1
thmathie,0
enmedina,0
qdufour,0
ccravero,1
sbarrage,1
genouf,1
amejjaou,0
ipaltchi,0
nigarcia,1
pbureera,1
aradice,1
mpade,0
eflaquet,1
mzafra,0
msharifi,1
juchene,1
tlarge,0
abravo,1
mflores-,1
aceralin,1
trandria,0
fbidault,0
audrye,1
mschnetz,1
dsoumare,0
ezielins,1
jamennec,0
rkabanga,0
bferdjan,0
sduarte-,0
mahamed,0
sleon,1
tnoulens,1
tbaratie,0
pducos,1
rerouich,0
hebernar,1
nmathieu,1
vdijoux,1
kmendes-,1
sbalesme,1
souziane,0
afelten,1
cracano,0
jileroux,1
racnasci,1
vmuller,1
alde-fre,1
bschoeff,1
gtelnoff,1
jmarion,0
llisa,0
atunesi,0
cseranto,0
hschieck,0
fsantare,0
crameau,0
iracineu,0
ipozzo,0
mpontigl,0
noettle,0
dnemni,0
mmornhin,0
mmorand-,0
pmonnery,0
rmodi,0
lmenguzz,0
rmaldare,0
sjaoui,0
cge,0
zfrancom,0
pelli,0
gdi-nola,0
ld-agost,0
acourboi,0
lcerrato,0
ecaprari,0
abrassar,0
lbrancal,0
oboyer,0
abonin,0
albarone,0
nbarclay,0
salba,0
mbayrou,0
vcorreia,0
ffeyisay,0
tarrassi,0
mbonnaud,0
habakour,0
cle-bell,0
fniang,0
mzakher,0
cziani,0
ekinioki,0
vsanquer,0
blopez,0
ecespede,0
vmounac,0
ykamilla,0
skonate,0
lraab,0
icoquere,0
ngrego,0
cbouju,0
adieng,0
eblaise,0
mlabasti,0
sdamiano,0
lparde,0
mdiawara,0
mtaharou,0
bhuc,0
skhaldi,0
mkhaldi,0
lchesnel,0
ypallare,0
sanhalee,0
mpesut,0
lguiet-r,0
nanaaman,0
soazizou,0
waelqioi,0
zoschnei,0
izkaya,0
negfarid,0
abreton,0
aahamada,0
mlacoust,0
mgrandje,0
jumendy,0
lcretin,0
retienne,0
mle-van-,0
suppertz,0
dbaghoul,0
souelgha,0
ipavade,0
engando,0
jle-dele,0
eroty,0
ltejjine,0
elkaya,0
obelgasm,0
pchang,0
lli,0
macharve,0
aciray,0
mabronet,0
niklinov,0
afichet,0
ssareen,0
nzoghdan,0
anardin,0
sbounia,0
jgaillar,0
sapoon,0
nmartine,0
kmofarir,0
araharin,0
ntiavina,0
aderouil,0
aberhaul,0
juscleme,0
mlumb,0
dandreev,0
mgillot,0
obokanch,0
thristov,0
mchastas,0
amenuel,0
nigomez,0
pberthau,0
epioche,0
selnewst,0
sdrider,0
ale-quin,0
agultsev,0
igrebenk,0
shinnd,0
paliieva,0
emiessne,0
mcoutand,0
ipaulhia,0
sabferre,0
eizabel,0
lmercier,0
esikira,0
chmebark,0
rfiesque,0
mcazzin,0
pizsak,0
lgouriba,0
msergh,0
aypercey,0
rel-ashr,0
rragbane,0
digeorge,0
ttricard,0
glambey,0
mdufourn,0
lmampoko,0
mvasseur,0
nrojas,0
mardavid,0
heturcat,0
szitout,0
mloubay,0
ylamsala,0
hjeboui,0
nzeghadi,0
pzanon,0
mskouri,0
tsedbon,0
jramos-s,0
lpierrez,0
apiau-mo,0
margpere,0
diouatta,0
kn-guess,0
vimachad,0
slallouc,0
-hernand,0
esgunes,0
ggruson,0
aeniola,0
cehianti,0
lchen,0
jclamen,0
schati,0
mbesnard,0
ibechikh,0
candraos,0
samedro-,0
sachache,0
rizblanc,1
wafa,0
efrancho,0
abchaban,1
jmouline,1
ybenramd,0
krsonu,0
sdelalan,0
acantais,0
cale-bru,0
matmorva,0
magomes-,1
jquil,1
memarign,1
nirobine,0
jde-la-f,1
lsimanic,1
sseghir,0
auferran,1
lutourno,0
ale-page,0
ckaddaou,1
ancolmen,1
amarroco,1
nouabdul,1
aloubier,1
milesueu,0
abonde,0
incsong,0
cperrot,0
fd-arco,1
lolaparr,1
rfathi,0
eorer,1
jralph,1
beferran,1
malancar,1
dferet,0
pjay,1
srapin,1
eescoffi,0
ebremond,1
mleca,0
asadanow,1
mguettaf,0
jugingas,1
ewang,1
kchalhy,0
mrota,0
bvieilhe,1
mhamzaou,0
esberro,0
japellet,0
mpremel,1
altsobgn,1
eghaffar,1
tgibier,1
ypirot,1
lepoujau,0
anhay,0
cpontoiz,1
arde-but,1
asavidan,0
tgeorge,1
hvine,1
jcros,1
labbamon,1
mbruyant,1
ibouhssi,1
bghandri,1
aberriri,0
szitouni,0
irakraki,1
eel-majd,0
jofrache,1
doganoun,1
eaubry,1
mprioux,0
cmurray,0
eodita,0
lde-guit,0
maudin,0
alibourb,1
yalopes,0
afuzeau,0
thloyan,1
icaharel,1
lregis,1
kvisouth,1
eburgos,1
husoares,0
cbonjean,0
sycourbi,1
mbousrez,0
lbouguet,1
nabadaou,0
saouhsan,1
blerouss,1
aguisy,1
oben-had,0
lmorsli,1
amontign,1
lsouquie,1
jramahat,1
jchanaga,0
ngagnier,0
mferracc,1
rhanna,1
rhoehn,0
najelee,0
apillai,0
bkanoute,0
chmadran,1
paumarc2,1
nijousli,1
jecointr,1
achilews,0
dcueto,0
pgerard,0
ssehili,0
spommier,0
hsouioun,0
hparent,0
cgouty,0
acochain,0
amoatass,0
saarzt,0
dberreby,1
glpiriou,1
jaristil,1
ejacquel,1
hhodeir,1
chchour,1
grambure,1
sdamree,0
rmukena-,0
mablatie,1
byanis,1
mfulconi,0
rroussel,1
sel-bouh,1
omacieir,1
chkala-l,1
slukunku,0
lchevray,1
humoncha,0
rmondong,0
mtepsaev,0
fpoudrou,0
amedioun,1
marmenes,0
gkhudoyb,0
xacharle,1
sboumedd,1
aherbet,1
amonier,1
therodri,1
jgermany,1
davu-con,0
kscordel,1
yasaidi,1
ychiffau,1
acatusse,1
lnoe,0
mjavadi,1
maderuel,1
lontsia,0
djacobs,1
jarthaud,1
pabeaude,1
cnocente,0
ineolive,0
wfreulon,1
minh-ngu,1
bvaujour,1
stle-gof,1
hateisse,1
coroseau,0
lutan,0
ilevi,1
mdieujus,0
toteixei,1
tblassia,0
gaollier,1
cdelanoy,0
thgallan,0
oramalan,0
tolunayk,0
abimkhio,1
oterral,0
ttragian,1
mndom,0
rmasalsk,0
bjoves,0
arlamber,1
jubaldo,1
tanota,1
amuller,1
syan,1
olcoste,1
kle-rest,1
fserpe,1
jmenjot,0
vluong,1
cguerber,1
mafoulon,1
jdesaint,0
bberthod,1
klam,0
rhoy,0
naubrun,0
mmrabet,1
teliet,1
operez,1
ochouaib,0
acostin,1
avallet,1
iung,1
zchamoua,0
tbourdea,1
hanissia,0
zdevove,1
aboyer,1
aformoso,0
bpoussar,0
ksinger,0
dobour,0
mhinet,0
rsabbah,1
amazguit,1
fgaston,0
cgermain,1
rlisiak,1
apogam,0
adcarnec,1
reapen,1
yba,1
aguez,0
sbardot,0
sethomas,1
madaguen,1
ncharii,1
vgoret,1
dsavoure,0
nmalier,0
tschecro,1
obouhlel,1
uaupetit,1
fbrisson,1
stde-la-,1
mhajji-b,1
yamarach,1
mrony,1
anmassy,1
gpy,0
rleger,1
tvo,1
joachbar,1
pamathey,0
ssalah,0
raveriss,1
kpouliqu,0
adugain,1
lkuhn,0
bahommer,1
esenel,1
aboulest,1
cbessonn,1
vnovais,0
ael-malt,1
logarcia,0
apoure,1
jmouaike,1
ladloff,1
lclaeyss,0
gforesti,0
juduval,1
amaucler,1
dvalino,0
larmenou,1
ichehbi,0
jopadova,1
fbesson,1
gconstan,0
fgonzale,1
fgabri,1
biannone,0
ancbursu,0
rpylypya,0
vchakhno,1
nalaggou,0
mouahab,0
saliu,0
amouflet,1
jperrama,1
eewu,1
mguesrao,0
kfournie,1
lgillard,1
afaizi,0
sshirzad,0
gpages,0
mbocquel,1
mde-bry-,1
zpaglier,0
lperroti,1
uclement,1
avast,1
nlameill,0
jto,0
lmiraux,0
elcelikb,0
lcadinot,1
rencarna,1
hudelier,1
tsantiag,1
tgrasset,1
rohak,0
lkoletzk,1
phebert,1
rfouraul,1
fbilliar,0
eturiot,1
jode-bri,1
anadhoim,0
mcharti,0
shadjali,0
fpannier,1
jsuppan,1
jmorvan,1
agiguair,1
svan-de-,1
jlanza,1
jboyreau,1
iramzid,0
odalai,0
mbendaou,0
jmoraes-,1
hhavet,0
zrezoug,0
lfreydie,1
achajia,0
pcalcagn,0
jlarue,1
ptomas,0
abihel,0
esuleima,0
gmavambu,0
sderozie,1
yahuang,0
hbouchar,0
kbouabid,0
atily,0
mnouchet,1
berouale,0
echan,0
llarue,1
amihoubi,0
salhabas,1
dsrour,0
tpotilli,1
vsozonof,1
apayen,1
bbellati,0
fmongioj,0
jveuille,1
knour-ed,0
hlesny,1
hwuillie,0
zaquedev,1
robgonza,0
ggenieys,0
mceleste,0
amilivoj,0
amahamat,0
cvalenti,0
tqin,0
rzhang,0
dly,1
mflamand,0
vlepille,1
troullan,1
barrault,0
domarion,1
fagoncal,0
honokoko,0
axlamber,1
phialfai,1
stouf,0
dabdalla,0
ml-abeil,0
cljebrak,0
ijabbari,1
tongo,1
zrabah,1
ade-vath,0
mben-mab,0
motroian,1
gessono-,0
anossovs,0
lsegor,0
mcoulomb,1
ilouacha,1
cabdenne,0
mplais,0
bkhelifi,0
sbeytout,0
rdias-ba,1
nmahraou,0
chosny,1
baugusti,0
hemottu,1
ddelhalt,1
orobin,0
hrobin,1
isow,0
ld-araqu,0
lsablon,0
klevequ2,0
lmaguet,0
nagvaill,1
oprosvir,1
tcouvreu,0
solee2,1
thenry,1
caid,0
vnieto-j,1
lle-bret,1
besalort,1
cphommah,1
equelin,1
qthierry,1
nsainton,1
gde-carv,1
akeever,0
ymarcais,1
ragreine,0
abourdon,1
mnunzi,0
erghario,0
cattana,0
aaudevar,1
pineau,1
hlamnaou,1
ekadiri,1
snaggara,1
shikwon,1
jleguay,1
rralambo,1
moubadou,0
amoysset,1
nomoulin,1
aproust,1
marbaret,1
tbourrec,0
lnhari,0
amikhari,0
raabid,0
anadesar,0
aaudiber,0
lebelbac,0
pada-sil,0
ccouille,1
lriyanto,0
sidiril,0
hrandria,1
mle-bras,1
mmuesser,1
jboisne,1
asalic,1
fbouleau,0
vilignon,1
aronez,1
iplenet,0
wepan,0
shinyun,1
lde-mais,1
skhaldou,0
ado-sout,0
bvergne,0
limudra,0
ennollet,1
recosson,1
lquentin,0
iberbach,0
epinto-g,0
kalakhba,0
ubinici,0
lboulang,1
dpentlan,1
wnaseeve,1
iaschnei,1
mpeulet,1
aregis,1
alaurent,0
pichatte,1
flnabene,0
vcosta,0
psage,1
djanusz,1
imessaad,1
balacam,1
fdrame,0
akalimol,1
yrituay-,0
jvigny,1
vimendon,0
plevy,0
orehorte,0
ale-bret,0
cllegran,1
spequign,0
cpetridi,0
hjouneau,1
aminko,1
mabed,1
jcaron,1
rmouhoub,1
yjean-pi,1
mjourno,1
sadiaoul,0
vpekdas,0
akurochk,1
tpichard,0
nhuynh,0
acharra,1
rmarecar,1
dhaydamo,1
thfaure,0
jede-bee,1
eabout,0
rfaria,0
yuewang,1
vahastsi,1
aleprou,0
mdumestr,1
aben-rom,0
echavez-,1
ogauthie,0
thi-le,1
hchamla,0
jewancti,1
hboissel,1
lkrief,1
elfontai,0
gduhau,1
vflecher,0
wfan,1
asimonin,1
yahouari,1
elevy,1
aizsak,1
ulevallo,1
bwolf,1
aoualid,0
aferrant,0
lthomas,0
yilam,0
ttribout,0
ablancha,1
mle-duc,1
mtelli,0
bguillau,1
zlemery,1
mferragu,0
yzhuang,1
vkethees,0
sbocanci,1
mmsadak,0
hazeglil,0
ozozdemi,1
dtoure,1
maheraul,1
ddubois,0
ldelbecq,0
slevaslo,1
mblal,1
mrabourd,1
kebernar,0
afontain,1
pde-maur,0
cportebo,0
rerugard,0
dkojic,0
fgranger,1
echapus,1
abesnier,1
mgamil,1
senewste,0
gcozigon,1
mmourdal,1
hel-kame,1
itripoli,0
rferradi,1
acardona,1
jskiba,1
erfontai,0
yhamdy,0
psan,1
szeramdi,0
ngiulian,0
khamza,0
sarzt,0
abenomar,0
tverdier,1
jlichtle,1
jauligne,0
pperigau,0
cypoiny,0
joafonso,0
yuboktae,1
avedrenn,1
smlamali,1
yzaoui,1
mgauvrit,1
maeginis,0
gdabau,0
cgrosso,0
lgirault,1
dhockley,1
nplieger,1
jdiosdad,0
pde-mort,0
abiddane,1
dregnaul,0
eschneid,0
fdos-san,1
fmagro,0
rmohamma,1
elhabibi,0
nmorgat,0
rboudib,0
yromagne,0
wdurand,0
jfave,1
omozo-av,1
yhos,1
yazblah,1
tmorikaw,1
rmassamb,0
nmoulin,1
pdosso-d,1
gfanfant,0
ealves,1
moilhami,0
acamus,0
omoukrza,0
aguyon,1
rraffi-k,1
rongono,0
abmessao,0
cogarcia,1
ebernard,0
mderkaou,1
amerlot,0
csolacro,0
imeliani,1
lboussai,0
piele-bo,1
nsalhi,1
rciaze,1
cabouzir,1
ekhaled,1
gchichep,0
mrethore,0
uboudigu,1
bfresque,1
nserve,1
yhurtebi,0
ykhojet-,0
vevdokim,0
educlos,1
bgervais,1
luciefer,1
tbelleng,1
ltor,0
mbellagh,0
mhadjadj,1
sle-goff,0
aclarenn,1
tvukanov,0
amorsli,0
bkrishna,0
ahadini,0
comartin,0
dbernois,0
abonnefo,1
srochas,0
odang,0
socherie,1
srousset,0
hmoulard,1
hmelica,1
vspinosa,0
alexandm,1
atheveni,1
isylla,0
ptrochon,0
vhanak,0
schai,1
mrezgui,0
mchen,0
mernault,0
nmukundi,0
gbenard,1
ahamidi,0
emcnab,1
kkonig,0
thvauvil,0
kcamara,0
mparisse,1
adringar,1
akaspari,0
fjochum,1
tmichel-,1
sdanel,1
clefevre,0
pmallard,1
acostes,1
lganci,0
tboldrin,1
pjacquet,0
rbitca,1
jbignale,0
lhaddouc,0
mgatti,0
mmontcou,1
cmebarki,1
dgoldens,0
cchevall,0
aoberon,1
lrey,0
mabdelra,0
dopenas-,1
mabbakar,0
rertzer,1
azhou,1
fsundare,1
thhervie,0
jballang,0
jbrink,0
mba,1
daumis,1
arhidouc,0
gbonnard,1
etanguy,1
jle-tiec,0
smestre,1
sgoigoux,1
kfirmin,0
ogekker,0
lduheron,1
ksadykov,1
akostrik,1
mjuge,1
mbee,0
ansayady,0
edikharu,0
hoispiri,0
mperpign,0
hbellil,0
jharquet,0
abensimh,0
ssonnadj,0
dagiersc,0
mhamon,0
adalgamo,0
sammar,0
nmathe,0
abracker,0
aifernan,0
dcriouet,1
alhavard,0
rfares,0
akhemakh,0
tenders,0
kkouihat,0
kpavard,1
dvu-cong,0
skerkeni,0
bdemetz,1
vle-grig,0
nrobinet,0
wvallee,1
bmadapat,0
saichaou,1
bbreton,0
ilselbon,1
ode-cleb,1
tsamson,1
mchegrou,0
mginisty,0
wnguyen,1
mecauchy,1
aerhalac,1
rfeger,1
zde-crec,0
ffaraji,0
gandrieu,0
ade-atai,0
obenqas,0
umagnero,0
nnabih,0
nriviere,1
vhoffner,0
tdussoye,1
nlacaill,0
pile-bou,0
alycgaut,1
ibregain,1
dguillot,0
tshen,0
vho,0
lsrey,1
maaliber,1
gansard,1
vberard,1
lprevot,0
lmarchai,1
mle-saux,0
jdarcour,1
cquinsac,0
pducloux,1
orazafy,1
vtestut,1
dylizet,0
amoulfi,0
nfawzi,0
made-cha,0
mydelisl,0
kemaouch,0
arakotoa,1
casomarr,1
kzoleyn,0
estamp,0
tsyeni,0
mschaeff,0
vquiniou,0
lperez-b,0
mmariett,0
nloison,0
ekoch-sc,0
akerael,0
gkanso,0
lharbonn,0
amdubois,0
cdi-piet,0
ndesoutt,0
hchichko,0
cbezzito,0
rantonin,0
namkim,1
ltorrean,1
ktashbae,1
dorian,0
jaehwkim,1
gkitoko,1
bsuso,0
suslucan,0
ngiroux,1
asiepak,0
dbourgeo,0
azerrouk,0
navailla,0
lmarecha,1
epopova,1
ychun,1
dpiliuk,1
kfiskaal,1
evsuits,1
aalleon,1
jtaravel,1
fimaan,0
mepaudat,0
nraiman,1
galtange,1
snait-la,0
rkocagol,1
ltournou,0
azacharo,0
flarcher,1
manguyen,0
rabid,0
rtrabels,0
sahmed,0
radaoudi,1
marmougo,0
qbornet,1
kamanfo,1
mfritz,0
jyildiri,1
lvideira,0
jjadan-o,1
kenaubry,1
hyujung,1
raddoun,0
hrode,1
trode,0
hperenne,0
jlatti,0
arosado-,1
jekamby-,0
fsoliman,0
embedois,1
gclausse,1
vkrajcov,1
csou,0
palbanes,1
nchow-yu,1
hbeuneu,0
ejoseph,0
mjabelme,0
obayanmu,0
vxu,0
omechri,1
mnarmand,0
mmhaya,1
athierry,1
xle-baux,1
mcourtoi,1
rbailly,0
nbelhiba,0
rmakki,0
alandry,1
larmillo,0
gdussin,0
jjeanne,0
malauren,0
mbal,0
jcourtoi,1
rdjellal,0
schennou,0
nmunoz,1
amoreau,0
ffriat,1
mdankou,1
jdelaque,0
cmeston,1
ybadji,0
aschiffe,1
ybellot,1
aguillar,1
pbergera,0
srack,0
cvernay,1
jbouyer,1
vascher-,0
mkonte,0
audreyer,1
ecolin,1
pkorsako,1
ageffry,0
mmistler,0
gsaid,1
flchen,0
claclau,1
mbascuna,1
arougebi,0
pperol,1
lcamus,1
agunesli,1
oguerbao,1
dsainval,0
jbatoro,1
lpontes,0
ldinaut,1
cdudzik,1
mbouzid,0
nmalouli,0
gruault,0
repinat,1
agsadali,0
tfoyer,0
mcouppe,1
jfrancai,1
ffougear,1
lalu,0
ggobert,1
jbesnier,1
bdauge,0
edpontes,0
mghulami,0
ekhalfa,0
ajean,0
aleximar,1
mdouiri,1
jhubert,1
gcojocar,1
mvasquez,0
mkebbach,0
amattei,1
alefranc,1
gle-mini,1
rde-vara,0
vbonning,0
rleseur,1
maparigi,1
pagarcia,0
ucieutat,1
cdaveux,1
hlagrang,0
ayakdi,1
imegy,0
mkaploun,1
nha,0
tboettge,0
sabdalla,0
mdaguene,0
lferkous,0
ibarka,0
znaoui,1
pszleper,1
iba,0
ccambium,1
acave,0
nbarcova,0
wdebotte,1
yatang,1
abeninca,0
lcohen,0
lguillau,1
maboubak,0
habdelba,0
sdore,0
ktrevis,0
alagier,0
nboratko,1
shabibol,1
phabets,1
rhak,0
maddi,1
ecsillag,0
shammouc,1
lchan,1
jmbede,0
fleitz,1
ceatgie,1
mmorvan,0
aaquesbi,0
gkapanog,0
cdurand,1
ktolba,0
eruellan,1
tbesson,1
bsakho,0
mde-gour,0
bnguyen,0
grivoire,1
thuynh,0
mde-frei,0
mmillion,1
dangot,0
nbabajee,0
prondeau,0
lcorpora,1
ssan-mar,0
jecolmou,1
emcariot,1
dmurariu,0
apayet,1
anlefebv,0
iazimzha,1
cmassavi,1
demo,1
pharmund,1
ksaffron,1
wmozella,1
sebonie,1
jbania,1
surythim,1
deleusis,1
cjoie,1
hbecki,1
lemmon,1
aregenia,1
emarion,1
ntojamur,1
mcustard,1
mrhyhorn,1
rbell,1
cjudie,1
tpeggie,1
hfast,1
jannabel,1
klemongr,1
zuranus,1
vseel,1
cvixen,1
dhawkgir,1
decordel,1
hloki,1
mbarra,1
kdominic,1
ereed,1
tbaskhan,1
klaurier,1
cde-sede,1
mriaud,1
lsanglas,1
enolbas,1
asulisti,1
irostagn,0
lbenatta,1
plefevre,1
gamichau,1
dle,0
thule,0
mguerra,1
ahzerrou,0
cboukhal,1
luguilla,1
upean-de,1
lcalvie,1
flcarval,1
sdieme,0
cberganz,1
recarlie,1
kejean,0
cescudie,1
doverdin,1
behoungb,0
side-los,0
dgaloiu,1
bracle,0
mmalhada,1
rpohlen,1
mbourgeo,1
lscordel,0
rvuarche,0
sbah,1
gjeanson,0
irzaigui,0
pavallat,0
omallet,0
pbenicho,0
rhadji,0
lpeglion,0
bgrulois,1
rstradi,1
dduchang,1
lleveque,1
rgouveno,0
mfoulon,0
tbrebion,1
agarnier,0
sohemami,1
sskoraba,0
asaidane,0
cdailly,0
cjolivet,0
rbicanic,1
amaratov,0
sjundt,0
rle-thie,1
tda-silv,1
mamendez,1
ljoffo,1
tkurashe,1
kchanteu,0
shdorlin,1
sekhan,1
ageslin-,0
azinabi,0
dzybin,1
amukenge,0
jsemel,1
aduguet,1
agras,1
aloutchk,0
anrechai,1
pyildiri,0
seongbic,0
achoux,1
hthiam,0
aasli,1
pchretie,1
ssubasic,0
acoignet,0
rdalbera,1
artblin,1
fbenoit-,0
cdine,1
ghaidar,0
pmandel,1
aperis,1
mabid,1
gvalton,0
ntan,1
chilee,1
ariollet,0
dravin,0
sbourat,0
iduval,1
diroyer,1
sydauria,1
mmoulard,0
bcardell,0
rsung,1
sojung,1
nade-la-,1
cchiarel,0
pdecauch,0
jherve,0
lberrada,1
lotmanza,1
dpaccagn,1
hdo-minh,1
imarushe,1
alemarch,1
rlelot,0
sspinola,0
sfitzpat,1
vle-gal,0
jfrachet,0
dpenas-b,0
drosa,0
rhadj-ra,0
ykim2,1
alambert,1
cemendes,1
vbauer,1
sanauth,1
ypages,1
lpandion,0
jbonniva,1
ymartine,0
sbouzi,0
egeorgio,1
akazouin,0
xbaudhui,1
arudy,1
aboin,0
bsylla,0
jprunier,0
meudes,0
aberaud,0
wgogoua,1
wcalvat,0
azarrouk,0
migmarqu,0
cleclerc,0
tpedago,1
julien451,0
kzoleyn,0
estamp,0
tsyeni,0
mschaeff,0
vquiniou,0
lperez-b,0
mmariett,0
tbaskhan,1
klaurier,1
cde-sede,1
mriaud,1
enolbas,1
asulisti,1
irostagn,0
lbenatta,1
plefevre,1
gamichau,1
dle,0
thule,0
mguerra,1
ahzerrou,0
cboukhal,1
luguilla,1
upean-de,1
lcalvie,1
flcarval,1
cberganz,1
recarlie,1
kejean,0
cescudie,1
doverdin,1
behoungb,0
side-los,0
dgaloiu,1
bracle,0
mmalhada,1
rpohlen,1
mbourgeo,1
lscordel,0
rvuarche,0
sbah,1
gjeanson,0
irzaigui,0
pavallat,0
omallet,0
pbenicho,0
rhadji,0
lpeglion,0
bgrulois,1
rstradi,1
dduchang,1
rgouveno,0
mfoulon,0
tbrebion,1
agarnier,0
sohemami,1
sskoraba,0
asaidane,0
cdailly,0
cjolivet,0
rbicanic,1
amaratov,0
sjundt,0
rle-thie,1
tda-silv,1
mamendez,1
ljoffo,1
tkurashe,1
kchanteu,0
shdorlin,1
sekhan,1
ageslin-,0
azinabi,0
dzybin,1
amukenge,0
jsemel,1
aduguet,1
agras,1
aloutchk,0
anrechai,1
pyildiri,0
seongbic,0
achoux,1
hthiam,0
aasli,1
pchretie,1
ssubasic,0
acoignet,0
rdalbera,1
artblin,1
fbenoit-,0
cdine,1
ghaidar,0
pmandel,1
aperis,1
mabid,1
gvalton,0
ntan,1
chilee,1
ariollet,0
dravin,0
sbourat,0
iduval,1
diroyer,1
sydauria,1
mmoulard,0
bcardell,0
rsung,1
sojung,1
nade-la-,1
cchiarel,0
pdecauch,0
jherve,0
lberrada,1
lotmanza,1
dpaccagn,1
hdo-minh,1
imarushe,1
alemarch,1
sspinola,0
sfitzpat,1
vle-gal,0
jfrachet,0
dpenas-b,0
drosa,0
rhadj-ra,0
ykim2,1
alambert,1
cemendes,1
sanauth,1
ypages,1
lpandion,0
jbonniva,1
ymartine,0
sbouzi,0
egeorgio,1
akazouin,0
xbaudhui,1
arudy,1
aboin,0
bsylla,0
jprunier,0
meudes,0
aberaud,0
wgogoua,1
wcalvat,0
azarrouk,0
migmarqu,0
cleclerc,0
tpedago,1
julien451,0
kzoleyn,0
estamp,0
tsyeni,0
mschaeff,0
vquiniou,0
lperez-b,0
mmariett,0
nloison,0
ekoch-sc,0
akerael,0
gkanso,0
lharbonn,0
amdubois,0
cdi-piet,0
ndesoutt,0
hchichko,0
cbezzito,0
rantonin,0
namkim,1
ltorrean,1
ktashbae,1
dorian,0
jaehwkim,1
gkitoko,1
bsuso,0
suslucan,0
ngiroux,1
asiepak,0
dbourgeo,0
azerrouk,0
navailla,0
lmarecha,1
epopova,1
ychun,1
dpiliuk,1
evsuits,1
aalleon,1
jtaravel,1
mepaudat,0
nraiman,1
galtange,1
snait-la,0
rkocagol,1
ltournou,0
azacharo,0
flarcher,1
manguyen,0
rabid,0
rtrabels,0
sahmed,0
radaoudi,1
marmougo,0
qbornet,1
kamanfo,1
mfritz,0
jyildiri,1
lvideira,0
jjadan-o,1
kenaubry,1
hyujung,1
raddoun,0
hrode,1
trode,0
hperenne,0
jlatti,0
arosado-,1
jekamby-,0
fsoliman,0
embedois,1
gclausse,1
vkrajcov,1
csou,0
palbanes,1
nchow-yu,1
hbeuneu,0
ejoseph,0
mjabelme,0
obayanmu,0
vxu,0
omechri,1
mnarmand,0
mmhaya,1
athierry,1
xle-baux,1
mcourtoi,1
tbaskhan,1
klaurier,1
cde-sede,1
lsanglas,1
enolbas,1
asulisti,1
lbenatta,1
plefevre,1
gamichau,1
dle,0
thule,0
mguerra,1
ahzerrou,0
cboukhal,1
luguilla,1
upean-de,1
lcalvie,1
sdieme,0
cberganz,1
recarlie,1
kejean,0
cescudie,1
doverdin,1
behoungb,0
side-los,0
dgaloiu,1
bracle,0
mmalhada,1
rpohlen,1
mbourgeo,1
lscordel,0
rvuarche,0
sbah,1
gjeanson,0
irzaigui,0
pavallat,0
omallet,0
pbenicho,0
rhadji,0
lpeglion,0
bgrulois,1
rstradi,1
dduchang,1
rgouveno,0
mfoulon,0
tbrebion,1
agarnier,0
sohemami,1
sskoraba,0
asaidane,0
cdailly,0
cjolivet,0
rbicanic,1
amaratov,0
sjundt,0
rle-thie,1
tda-silv,1
mamendez,1
ljoffo,1
kchanteu,0
shdorlin,1
sekhan,1
ageslin-,0
azinabi,0
dzybin,1
amukenge,0
jsemel,1
aduguet,1
agras,1
aloutchk,0
anrechai,1
pyildiri,0
seongbic,0
achoux,1
hthiam,0
aasli,1
pchretie,1
ssubasic,0
acoignet,0
rdalbera,1
artblin,1
fbenoit-,0
cdine,1
ghaidar,0
pmandel,1
aperis,1
mabid,1
gvalton,0
ntan,1
chilee,1
ariollet,0
dravin,0
sbourat,0
iduval,1
diroyer,1
sydauria,1
mmoulard,0
bcardell,0
rsung,1
sojung,1
nade-la-,1
cchiarel,0
pdecauch,0
jherve,0
lberrada,1
lotmanza,1
dpaccagn,1
imarushe,1
alemarch,1
rlelot,0
sspinola,0
sfitzpat,1
vle-gal,0
jfrachet,0
dpenas-b,0
drosa,0
rhadj-ra,0
ykim2,1
alambert,1
cemendes,1
sanauth,1
ypages,1
lpandion,0
jbonniva,1
ymartine,0
sbouzi,0
egeorgio,1
akazouin,0
xbaudhui,1
arudy,1
aboin,0
bsylla,0
jprunier,0
meudes,0
aberaud,0
wgogoua,1
wcalvat,0
azarrouk,0
migmarqu,0
cleclerc,0
tpedago,1
julien451,0
kzoleyn,0
estamp,0
tsyeni,0
mschaeff,0
vquiniou,0
lperez-b,0
mmariett,0
nloison,0
ekoch-sc,0
akerael,0
gkanso,0
lharbonn,0
amdubois,0
cdi-piet,0
ndesoutt,0
tbaskhan,1
klaurier,1
cde-sede,1
lsanglas,1
enolbas,1
asulisti,1
lbenatta,1
plefevre,1
gamichau,1
dle,0
thule,0
mguerra,1
ahzerrou,0
cboukhal,1
luguilla,1
upean-de,1
lcalvie,1
sdieme,0
cberganz,1
recarlie,1
kejean,0
cescudie,1
doverdin,1
behoungb,0
side-los,0
dgaloiu,1
bracle,0
mmalhada,1
rpohlen,1
mbourgeo,1
lscordel,0
rvuarche,0
sbah,1
gjeanson,0
irzaigui,0
pavallat,0
omallet,0
pbenicho,0
rhadji,0
lpeglion,0
bgrulois,1
rstradi,1
dduchang,1
rgouveno,0
mfoulon,0
tbrebion,1
agarnier,0
sohemami,1
sskoraba,0
asaidane,0
cdailly,0
cjolivet,0
rbicanic,1
amaratov,0
sjundt,0
rle-thie,1
tda-silv,1
mamendez,1
ljoffo,1
tkurashe,1
kchanteu,0
shdorlin,1
sekhan,1
ageslin-,0
azinabi,0
dzybin,1
amukenge,0
jsemel,1
aduguet,1
agras,1
aloutchk,0
anrechai,1
pyildiri,0
seongbic,0
achoux,1
hthiam,0
aasli,1
pchretie,1
ssubasic,0
acoignet,0
rdalbera,1
artblin,1
fbenoit-,0
cdine,1
ghaidar,0
pmandel,1
aperis,1
mabid,1
gvalton,0
ntan,1
chilee,1
ariollet,0
dravin,0
sbourat,0
iduval,1
diroyer,1
sydauria,1
mmoulard,0
bcardell,0
rsung,1
sojung,1
nade-la-,1
cchiarel,0
pdecauch,0
jherve,0
lberrada,1
lotmanza,1
dpaccagn,1
hdo-minh,1
alemarch,1
rlelot,0
sspinola,0
sfitzpat,1
vle-gal,0
jfrachet,0
dpenas-b,0
drosa,0
rhadj-ra,0
ykim2,1
alambert,1
cemendes,1
vbauer,1
sanauth,1
lpandion,0
jbonniva,1
ymartine,0
sbouzi,0
egeorgio,1
akazouin,0
xbaudhui,1
arudy,1
aboin,0
bsylla,0
jprunier,0
meudes,0
aberaud,0
wgogoua,1
wcalvat,0
azarrouk,0
migmarqu,0
cleclerc,0
tpedago,1
julien451,0
kzoleyn,0
estamp,0
tsyeni,0
mschaeff,0
vquiniou,0
lperez-b,0
mmariett,0
nloison,0
ekoch-sc,0
akerael,0
gkanso,0
lharbonn,0
amdubois,0
cdi-piet,0
ndesoutt,0
hchichko,0
cbezzito,0
rantonin,0
namkim,1
ltorrean,1
ktashbae,1
dorian,0
jaehwkim,1
gkitoko,1
bsuso,0
suslucan,0
ngiroux,1
asiepak,0
dbourgeo,0
azerrouk,0
navailla,0
lmarecha,1
epopova,1
ychun,1
dpiliuk,1
kfiskaal,1
evsuits,1
jtaravel,1
fimaan,0
mepaudat,0
nraiman,1
galtange,1
snait-la,0
rkocagol,1
ltournou,0
azacharo,0
flarcher,1
manguyen,0
rabid,0
rtrabels,0
sahmed,0
radaoudi,1
marmougo,0
qbornet,1
kamanfo,1
mfritz,0
jyildiri,1
lvideira,0
jjadan-o,1
kenaubry,1
hyujung,1
raddoun,0
hrode,1
trode,0
hperenne,0
jlatti,0
arosado-,1
jekamby-,0
fsoliman,0
embedois,1
gclausse,1
vkrajcov,1
csou,0
palbanes,1
nchow-yu,1
hbeuneu,0
ejoseph,0
mjabelme,0
obayanmu,0
vxu,0
omechri,1
mnarmand,0
mmhaya,1
athierry,1
xle-baux,1
mcourtoi,1
nbelhiba,0
rmakki,0
alandry,1
larmillo,0
gdussin,0
jjeanne,0
malauren,0
mbal,0
jcourtoi,1
rdjellal,0
schennou,0
nmunoz,1
amoreau,0
ffriat,1
mdankou,1
jdelaque,0
cmeston,1
ybadji,0
aschiffe,1
ybellot,1
aguillar,1
pbergera,0
srack,0
cvernay,1
jbouyer,1
vascher-,0
mkonte,0
audreyer,1
ecolin,1
pkorsako,1
mmistler,0
gsaid,1
flchen,0
claclau,1
mbascuna,1
arougebi,0
pperol,1
lcamus,1
agunesli,1
oguerbao,1
dsainval,0
jbatoro,1
lpontes,0
ldinaut,1
cdudzik,1
mbouzid,0
nmalouli,0
gruault,0
repinat,1
agsadali,0
tfoyer,0
mcouppe,1
jfrancai,1
ffougear,1
lalu,0
ggobert,1
jbesnier,1
bdauge,0
edpontes,0
mghulami,0
ekhalfa,0
ajean,0
aleximar,1
mdouiri,1
jhubert,1
gcojocar,1
mvasquez,0
mkebbach,0
amattei,1
alefranc,1
gle-mini,1
tbaskhan,1
klaurier,1
cde-sede,1
lsanglas,1
enolbas,1
asulisti,1
irostagn,0
lbenatta,1
plefevre,1
gamichau,1
dle,0
thule,0
mguerra,1
ahzerrou,0
cboukhal,1
luguilla,1
upean-de,1
lcalvie,1
sdieme,0
cberganz,1
recarlie,1
kejean,0
cescudie,1
doverdin,1
behoungb,0
side-los,0
dgaloiu,1
bracle,0
mmalhada,1
rpohlen,1
mbourgeo,1
lscordel,0
rvuarche,0
sbah,1
gjeanson,0
irzaigui,0
pavallat,0
omallet,0
pbenicho,0
rhadji,0
lpeglion,0
bgrulois,1
rstradi,1
dduchang,1
lleveque,1
rgouveno,0
mfoulon,0
tbrebion,1
agarnier,0
sohemami,1
sskoraba,0
asaidane,0
cdailly,0
cjolivet,0
rbicanic,1
amaratov,0
sjundt,0
rle-thie,1
tda-silv,1
mamendez,1
ljoffo,1
kchanteu,0
shdorlin,1
sekhan,1
ageslin-,0
azinabi,0
dzybin,1
amukenge,0
jsemel,1
aduguet,1
agras,1
anrechai,1
pyildiri,0
seongbic,0
achoux,1
hthiam,0
aasli,1
pchretie,1
ssubasic,0
acoignet,0
rdalbera,1
artblin,1
fbenoit-,0
cdine,1
ghaidar,0
pmandel,1
aperis,1
mabid,1
gvalton,0
ntan,1
chilee,1
ariollet,0
dravin,0
sbourat,0
iduval,1
diroyer,1
sydauria,1
mmoulard,0
bcardell,0
rsung,1
sojung,1
nade-la-,1
cchiarel,0
pdecauch,0
jherve,0
lberrada,1
lotmanza,1
dpaccagn,1
hdo-minh,1
imarushe,1
alemarch,1
sspinola,0
sfitzpat,1
vle-gal,0
jfrachet,0
dpenas-b,0
drosa,0
rhadj-ra,0
ykim2,1
alambert,1
cemendes,1
sanauth,1
ypages,1
lpandion,0
jbonniva,1
ymartine,0
sbouzi,0
egeorgio,1
akazouin,0
xbaudhui,1
arudy,1
aboin,0
bsylla,0
jprunier,0
meudes,0
aberaud,0
wgogoua,1
wcalvat,0
azarrouk,0
migmarqu,0
cleclerc,0
tpedago,1
julien451,0
kzoleyn,0
estamp,0
tsyeni,0
mschaeff,0
vquiniou,0
lperez-b,0
mmariett,0
nloison,0
ekoch-sc,0
akerael,0
gkanso,0
lharbonn,0
amdubois,0
cdi-piet,0
ndesoutt,0
hchichko,0
cbezzito,0
rantonin,0
namkim,1
ltorrean,1
ktashbae,1
dorian,0
jaehwkim,1
gkitoko,1
bsuso,0
suslucan,0
ngiroux,1
asiepak,0
dbourgeo,0
azerrouk,0
navailla,0
lmarecha,1
epopova,1
ychun,1
kfiskaal,1
evsuits,1
aalleon,1
fimaan,0
mepaudat,0
nraiman,1
galtange,1
snait-la,0
rkocagol,1
ltournou,0
azacharo,0
flarcher,1
manguyen,0
rabid,0
rtrabels,0
sahmed,0
radaoudi,1
marmougo,0
qbornet,1
kamanfo,1
mfritz,0
jyildiri,1
lvideira,0
jjadan-o,1
kenaubry,1
hyujung,1
hrode,1
trode,0
hperenne,0
jlatti,0
arosado-,1
jekamby-,0
fsoliman,0
embedois,1
gclausse,1
vkrajcov,1
palbanes,1
nchow-yu,1
hbeuneu,0
ejoseph,0
mjabelme,0
obayanmu,0
vxu,0
omechri,1
mnarmand,0
mmhaya,1
athierry,1
xle-baux,1
mcourtoi,1
rbailly,0
nbelhiba,0
rmakki,0
alandry,1
larmillo,0
gdussin,0
jjeanne,0
malauren,0
mbal,0
jcourtoi,1
rdjellal,0
schennou,0
nmunoz,1
amoreau,0
ffriat,1
mdankou,1
jdelaque,0
cmeston,1
ybadji,0
aschiffe,1
ybellot,1
aguillar,1
pbergera,0
srack,0
cvernay,1
jbouyer,1
vascher-,0
mkonte,0
audreyer,1
ecolin,1
pkorsako,1
mmistler,0
gsaid,1
flchen,0
claclau,1
mbascuna,1
arougebi,0
pperol,1
lcamus,1
agunesli,1
oguerbao,1
dsainval,0
jbatoro,1
lpontes,0
ldinaut,1
cdudzik,1
mbouzid,0
nmalouli,0
gruault,0
repinat,1
agsadali,0
tfoyer,0
mcouppe,1
jfrancai,1
ffougear,1
lalu,0
ggobert,1
jbesnier,1
bdauge,0
edpontes,0
mghulami,0
ekhalfa,0
ajean,0
aleximar,1
mdouiri,1
jhubert,1
gcojocar,1
mvasquez,0
mkebbach,0
amattei,1
alefranc,1
gle-mini,1
rde-vara,0
vbonning,0
rleseur,1
maparigi,1
pagarcia,0
ucieutat,1
cdaveux,1
hlagrang,0
ayakdi,1
imegy,0
mkaploun,1
nha,0
tboettge,0
sabdalla,0
mdaguene,0
lferkous,0
ibarka,0
znaoui,1
pszleper,1
iba,0
ccambium,1
acave,0
nbarcova,0
wdebotte,1
yatang,1
abeninca,0
lcohen,0
lguillau,1
maboubak,0
habdelba,0
sdore,0
ktrevis,0
alagier,0
nboratko,1
shabibol,1
phabets,1
maddi,1
ecsillag,0
shammouc,1
lchan,1
jmbede,0
fleitz,1
ceatgie,1
mmorvan,0
aaquesbi,0
gkapanog,0
cdurand,1
ktolba,0
eruellan,1
tbesson,1
bsakho,0
mde-gour,0
bnguyen,0
grivoire,1
thuynh,0
mde-frei,0
mmillion,1
dangot,0
nbabajee,0
prondeau,0
lcorpora,1
ssan-mar,0
jecolmou,1
emcariot,1
dmurariu,0
apayet,1
anlefebv,0
iazimzha,1
cmassavi,1
demo,1
pharmund,1
ksaffron,1
wmozella,1
jbania,1
surythim,1
deleusis,1
cjoie,1
hbecki,1
lemmon,1
aregenia,1
emarion,1
ntojamur,1
mrhyhorn,1
rbell,1
cjudie,1
tpeggie,1
hfast,1
jannabel,1
klemongr,1
zuranus,1
vseel,1
cvixen,1
dhawkgir,1
decordel,1
mbarra,1
renstein,1
kdominic,1
elerika,1
yoyostud,1
mgiacova,1
sdorlin,1
mtroiano,0
agengemb,1
amontant,1
lhafsia,0
gllorca,1
ctob,0
ktebani,0
rbourbia,0
qqin,0
lfouliar,0
mlancar,0
szouhir,0
hubretec,1
mbalp,0
jjennat,0
clvicent,1
nfelsemb,1
rchan--r,1
nrobin,0
bboudjem,0
bruellan,1
brivet,0
vahemere,1
mmillox,0
maabidal,1
sloquet,1
lcarnet,0
rbanat,1
azheng,1
ephauv,0
seozcan,1
gusalle,1
mchirosc,0
adiallo,1
zbelmilo,0
mbedu,0
rcarles,1
hhouda,1
kisikaya,1
bsavinel,1
lmudra,0
ahallak,0
bassouev,1
tliot,1
gcaretto,0
edaguene,0
jschapin,1
ckhalil,0
acadet,0
avasilye,0
ymlanao,0
ade-beta,1
kjean,0
hel-herd,0
engooh,1
oalbarad,0
cbouziri,0
nthimoni,1
achevron,1
mcombeau,1
maufrech,0
hperrin,1
qmoreau,1
aaugis,0
mcherel-,1
bgohin,1
eamar,1
vbarbier,1
mvue,1
ebarbeau,0
fadiallo,1
eleotard,1
fpetit,0
lchartra,0
nflan,1
ssaidi,0
douattar,1
jrossett,1
msoungui,0
sal-kurd,1
rhadid,0
schaehun,1
pleoma,1
stsamual,1
qsergean,1
latahbah,1
vjina,1
tnaton,1
ptoshiko,1
bmalober,0
mikabuto,1
wdwain,1
ale-tri,0
mmalphit,1
leantoni,1
cojacque,1
woberon,1
urycherd,1
fmarsha,1
smaar,1
rmorel,1
fzaiem,0
zyasuo,1
eestelle,1
ntitan,1
lchristi,1
plouvel,1
gpicaud,0
mnathali,1
akayle,1
bjanette,1
onelda,1
enollet,0
icanamas,0
mservier,0
sbillot,0
mcorso,1
taubin,0
phalfaia,0
mburnet,0
lhafsi,1
jgautier,1
egiordan,0
lthay,0
akone,0
ddebnath,0
qmoindze,0
qlejamte,0
lsipile,1
hbelhaou,0
jrojas-c,1
mkhedhir,1
bregneau,1
ple-stra,1
nlahlouh,0
rsiravo,0
gsiravo,0
nle-bret,1
ssedkaou,0
tcolas,0
jbezuel,0
rben-you,0
athiam,0
yboutlel,0
tidurand,1
fbarthez,0
hhadj-sa,0
mriant,1
jmaia,1
bhoumoua,0
cjimenez,1
eantonel,0
mabaach,0
wcastres,0
lng-sai-,0
nuxu,1
rstrub,1
hesong,1
tbousque,1
lguyon,1
mbenet,0
yutang,0
rlanani,1
fchapon,0
dvedrenn,0
piboidin,1
gboidin,0
madelaha,1
adubocag,0
jgreau,1
aquesada,1
isacko,0
kmileron,0
sabadoud,0
dde-melo,0
elpastor,1
rchamla,0
twane,1
elmestou,1
anremiki,1
smaguemo,0
javasilo,0
dbarua,0
maroly,1
pli,1
jmolvaut,1
xdevant,0
jule-mer,1
lebackor,1
bfiguet,1
abrisse,1
hdeliere,0
ambouren,1
sjosy,0
ncadet,0
mtiercel,0
mnavasio,0
wiharel,1
dgauvin,1
noabdull,0
ksagbo,0
mwillion,1
tollivie,0
mczul,0
jdubilla,1
mprud-ho,0
bbordere,1
rcasado-,0
qmeunier,0
pphongph,0
ayim,0
mbarroso,1
smostefa,1
bsalort,0
kychoi,1
amyroshn,1
dganouna,0
mastie,1
nguiard,1
vchan,1
lbesnard,1
jcampagn,1
klangloi,0
elouisia,1
mrouzeva,0
lkhamlac,1
dtaghzou,0
sprevot,1
dhubleur,1
mrakotom,0
bhabie,1
mabriel,1
pprabaka,0
sdahmani,0
lloisel,1
clmurphy,1
lheurtev,1
khamdi,0
hbembnis,1
ndurand,1
sdebbih,0
haissiak,0
ldevy,1
ahennes,0
fdai,0
mgirardo,1
mpetel,0
qnguyen-,0
ppignol,0
adouhane,0
arichale,0
tperes,1
aisagyno,0
skhali,1
pekeita,0
smartino,1
yamidoul,0
zcheikh,0
rbougras,0
brhajji-,1
yliao,1
adben-mc,1
rgrelon,0
bverdier,0
ytamagou,0
cleibeng,1
swillis,1
hmechich,1
apigeon,1
bdetune,1
nbenoit,0
agouet,1
pwu,1
jcervoni,1
qcherel,1
xluu,0
cmarion,1
mfaucheu,1
srodrigu,0
zquedevi,0
esouchal,0
aovide,0
gmary,1
mboutaou,0
ffournie,0
ebeghdal,0
mrasolom,0
rpottier,1
snouar,0
nburat-d,1
sle-huec,1
dbogicev,0
pyengo,0
qxia,1
abonard,1
tmarie--,1
oaarsse,1
cbayle,0
guguen,0
rliu,1
yluu,0
cmarouf,1
fassier-,1
jlapie,0
aweaver,1
olarbi,0
lsezettr,0
cloew,1
msaunier,0
kizapang,0
tsouleim,0
vstahl,0
mbonny-e,1
chsimon,1
kbroggi,0
tdesmet,1
ghanquer,1
anouvell,0
rhaidara,0
dbaudry,0
maitelli,0
ftran-th,0
flevaill,0
bvignero,0
kozdemir,0
alorain,1
lmaury,0
akadid,0
lseiller,1
mberquer,1
amassy,0
cfazaldi,0
itahani,1
bpilatre,0
mababou,1
frrusso,1
atapia-d,0
mnicelli,0
hkovac,1
ykondo,1
hkodaira,1
cmunier,0
codeathon01,1
codeathon02,1
paolives,1
shavok,1
ftonita,1
lcaitlyn,1
gernesto,1
stycho,1
abernita,1
ymaragre,1
pskip,1
cdell,1
falarm,1
gopal,1
jgoldste,1
cgregory,1
amoriah,1
fcassand,1
akurleke,1
mhamdi,0
aurelien,0
hardella,1
eraynald,1
cpollito,1
bpirzad,1
rarnold,1
glautumn,1
bnidia,1
bleaf,1
hlaunch,1
darlene,1
phippocr,1
aseptimu,1
gajayme,1
coverand,1
ameteori,1
nnelson,1
ateak,1
jobject,1
hkory,1
ncarob,1
chawke,1
airis,1
crender,1
ibourena,0
bnicolas,0
mpourrey,1
mpoirier,0
mmaric,1
ntower-p,0
lissa-mh,0
lsongne,0
inait-sa,0
llepiney,1
aavezou,1
stran,0
vtocquev,0
jeepark,1
cdefonte,1
akane,1
brenaut,0
mliard,0
admaupie,1
wgaspar,1
ajeannin,1
kgayed,0
hcarpent,1
lmery,1
dbelpaum,1
ayblin,1
cboudrin,1
lbisson,1
mandre,0
vpelliss,0
sukhan,0
rgraine,0
nle-gall,0
pdubois,1
erauture,0
mjallada,1
abourrel,1
lcharles,0
yfoucade,1
baubry,1
nkhedr,1
gdorges,0
yobougre,1
ldubuche,1
odartigu,0
mvaricho,0
tdelauna,1
chaidel,1
rbenayou,1
dasereno,1
tbrowang,1
erey,0
emouchon,0
nnancy,0
rdaraban,0
aharrabi,0
mchassig,1
lhmissi,1
sredjini,1
cvidon,1
cyarhi,0
amarchan,1
vnafissi,1
achatela,1
abarrier,1
flsimoes,0
pbabuesa,1
nabentay,1
abbousse,0
tsiguenz,1
mamaurai,1
ede-siga,1
malouvar,1
tkugan,0
ameziane,0
msoullam,0
shocquen,1
alukongo,1
hdjama,0
rcausse,0
omathore,0
mes-sadr,0
ychibani,1
emaugale,1
jroux-fo,1
tbonaldi,0
elseveno,1
gbertin,1
smontgen,1
hspriet,1
vhastsia,0
mbraets,1
jremy,1
cbuyurha,1
oiasco,0
vautie,0
ctchen,1
mkherbou,1
iel-arji,1
ael-ajjo,1
cbarbit,1
athirion,1
vfiszbin,1
adlecler,1
xpoirot,0
lmelard,1
pleveque,1
aberger,1
myew,1
adovleto,1
ndormoy,1
ddordain,1
jsadeg,0
cnguyen,1
mle-pape,0
redurand,0
rbourdil,1
mbellini,1
aniezgod,1
avachero,0
ngobert,1
ndolphin,0
sphilipp,0
mabrunel,1
mbouquet,1
nsierra-,1
ael-khat,1
mtandu,0
fle-blay,1
fbarrier,1
lrhazaou,0
kmonzeng,0
jdelcour,1
mcauchy,1
slin,1
rbouzian,0
mportrai,1
wbouhenn,0
jwanctin,0
mabimich,1
onachin,1
roolivei,1
jguittar,1
nde-la-b,0
nfascia,1
creinett,0
amichalo,0
lschoenl,0
hmouri,0
aboudjel,1
vchatele,1
efournie,0
lmurtin,1
abiersoh,1
cbenyahi,0
dlizet,0
wyuen,1
adaubric,1
aalkhiro,1
arangran,0
nbouniq-,0
ajung,1
sattely,0
rhoussen,0
yschecro,1
eguelman,0
ahavard,0
tavellan,0
mfevre,0
hcochin,0
bcohen,0
abouvet,1
eatoui,0
jallerha,1
lurbauer,0
nbenhima,0
fmauguin,1
namrane,0
kleblond,0
mgali,0
raaga,1
gdacil,0
aben-sal,0
abouleau,1
rovillar,1
kissa,1
clabrous,1
apfeiffe,1
jguigli,1
marnaudy,1
athach,1
asokolov,1
hrecolet,1
abenaceu,0
ple-bour,0
baubigna,1
izareb,0
sstoll-c,0
xtartens,1
rcolau,1
cbourbon,0
abraga,0
adjaouts,0
wben-mim,1
jkumro,0
adumesny,1
hcherpre,1
vgeorgak,1
bbali,1
aleerhal,0
aravoaha,0
rpoder,1
sdawod,0
bwong,1
tvauvill,0
smasson,0
csalomon,0
masamoil,1
rdel-agu,1
dabrivar,0
rpol,1
amazgar,0
cboukebo,0
aleger,1
fjallet,1
ylam,1
mgoncalv,1
alandria,0
smajorel,0
nbenhado,1
kcasenaz,0
esmirnov,1
tcasenaz,1
cbourgeo,1
everplan,0
aarab,0
cgaillag,1
llacharm,0
ccalas,1
mbjarnas,0
alecole,0
cgosseli,1
brkemssu,0
adesgran,1
pduflot,0
fschlute,1
cmouflar,0
vrigaudy,1
ksonigo,0
gbureau,0
aferre,1
mlukomsk,0
mmotylew,0
mneggar,0
mluu,0
mbesombe,0
mkonate,0
mcasteln,0
mrueff-b,0
mduchesn,0
mdigois,0
mowana,0
mardunea,0
mmaimait,0
lmariani,0
lburke,0
lumaruya,0
lwallard,0
llamkadm,0
lmoatass,0
kischure,0
kngo,0
jbarret,0
jmeance,0
jeven,0
jbergeai,0
jnguyen-,0
iben-jli,0
inakhdar,0
hiel-mou,0
gieong,0
gdonati,0
fouait-j,0
fkarani,0
evallet,0
drakoton,0
cait-idd,0
cmanouki,0
clemamar,0
clprando,0
clabin,0
cfagette,0
cchulem-,0
ccourbon,0
cgourmel,0
cchetrar,0
bouhmad,0
ainasr,0
acheikh,0
aciceri,0
akudinov,0
albreton,0
amarkoff,0
ayang,0
ariviere,0
ngonguye,0
houardin,0
zslimani,0
vstrasun,0
tichevri,0
tpoupine,0
tletzelt,0
tcharon,0
tboueiz,0
solin,0
smallia,0
scheng,0
smaybel,0
rnowak,0
rvino,0
rmandica,0
rwadhwa,0
pcolonne,0
pbontemp,0
pbarrada,0
pberrebi,0
odaarsse,0
nelfassi,0
nal-dacc,0
mmoukarz,0
mgros-co,0
mlarouss,0
mdiaw,0
mmassart,0
msemidub,0
mpastern,0
lkhalife,0
lymbongo,0
lde-blom,0
ldi-giov,0
kthoma,0
kokouame,0
kfradji,0
kbai,0
jschuth,0
jobach,0
jmakouoc,0
hdupieu,0
gleroux,0
gfaivre,0
ezanzare,0
edotsey,0
ekupper,0
ejmel-bo,0
ebotteon,0
dguddeti,0
dayyache,0
cgilbert,0
cjoulie,0
cfleur,0
cmagnin,0
crichter,0
cnaufal,0
cbagaini,0
cgreiss,0
bhajjar,0
bdounia-,0
aifall,0
arperrot,0
aweiss,0
abieler,0
amboke,0
asandoz,0
aondoua-,0
ala-plac,0
avallin,0
krandom5,0
kbenmoha,0
bcherqao,0
slandaue,0
samessal,0
samallem,0
mtiou,0
jfaddoul,0
igharbi,0
hyacoubo,0
emekoula,0
alechihe,0
alebaud,0
elemiere,0
mfrem,0
nle-van-,0
shafsia,0
lchavez,1
mturay,0
ibbah,0
lmoran,1
trami,1
lpaquatt,1
alahioul,0
rdupeux,1
hnouisse,0
asimon-b,0
kambouab,0
mafortho,0
sulkhan,0
dkravche,0
adebert,1
rabou-an,0
wsammour,0
linfimov,0
sabosoud,0
fshalabi,0
mabusair,0
iskolimo,0
jschabow,0
erobin,0
etary,0
mmedjahe,1
wzeraig,1
isedjal,0
hinguyen,0
mairivie,1
tissad,1
dferrari,1
ymostows,1
hcatalan,0
wfotso,0
pmaalouf,0
etsberro,1
mamuthuk,1
malanglo,1
obellahs,0
soduong,0
rrichard,1
hsoysal,1
doakiana,0
lirabiai,0
fel-abbo,1
gle-bata,0
aberion,1
almichel,1
duzan,0
rmonzer,0
mfantoni,0
lwarlop,1
jthongkh,0
abobee,0
nel-hari,0
abourre,1
mpouzet,0
aaclarke,0
ftilliet,1
picatrai,1
areze,0
rmartin,0
rrettien,1
eye,0
kwickram,0
tvar,0
troncin,0
eblas,1
lnicolof,1
dainkim,1
nthonese,0
elichan,1
asritz,1
dgatelli,0
jpointil,1
aalric,0
sallel,0
elilliu,1
feturan,0
hzizi,0
mkarkala,0
ybouacha,0
lbegliom,1
wouhliss,1
hba,0
flboulea,1
mucinar,0
vchaba,0
lvinouze,0
mousaid,1
nmarcilh,0
blesur,0
sefrigui,0
ologie,0
jede-ess,0
bnordman,0
llefebvr,0
krezali,0
bvan-pae,1
eseigneu,0
jfita,1
afrikach,1
adthomas,1
nkartal,0
sabsalem,0
chlombar,0
abala,0
ael-amri,0
gsamoil,0
aboscus,0
jwall,0
ggomes-m,0
ncossedu,1
yradjai,0
mohabidi,0
rbenoit,1
olrodion,0
fsalomon,1
joafker,0
halves-m,0
anaudibe,1
tmurray,0
naenmoha,0
nviolett,0
atexandi,1
apiochau,1
seojeon,1
amkhich,1
tvuagnat,0
nismoham,0
jumilcen,0
mbougon,0
tdelaigu,0
matran-d,1
nadjemia,1
brigaud,0
cde-keuk,0
vgupta,0
fcoullou,1
jeportie,1
lpiot,1
ade-mira,0
hokaczma,0
anastruc,1
avan-cop,0
phwang,1
aditer,1
mmartina,1
zait-kad,0
idakhlao,1
atolba,0
ahuynh,0
kmouftih,0
sabellil,1
mekherbo,1
safarhan,0
tgoussia,0
ellehmim,1
fturboul,0
chrhu,1
paulmart,1
tfauve-p,1
dwayenbo,1
sbenamer,0
pgrataco,1
mamoulin,1
chubert,1
oszwalbe,1
ftower-p,1
tpuechou,0
cyferrei,1
mfioroni,0
mrougeau,0
soelalou,1
qfretiss,0
ale-borg,0
cfamin,0
ebendzyk,1
operie,0
lgoth,0
bjin,0
mkhiari,0
cdutel,1
dyutaev,0
sabdalaz,0
kachalhy,1
ykawakit,1
mel-hali,0
gprunet,1
cthiel,1
mcaruana,0
gmarquis,1
thodos-s,1
efikri,0
wmoufakk,0
ollim,1
mlakrich,0
wscherre,1
aghlamal,0
htandian,0
bboudera,0
oudiallo,0
cchatell,0
akrifa,0
emathor,0
eleroty,1
jerivoli,0
jfotofil,0
tlamarch,1
matorgue,1
vda-conc,1
roarslan,1
yhennion,0
becolive,0
wmezdour,0
mlontjen,1
nsaadaou,0
ckenaip,1
aevesque,1
doferet,1
mkarouac,0
ankammer,1
aneumann,1
jpetters,1
lroy,0
arlarzil,1
goguguo,0
yloughza,0
nbilongo,0
chphomma,0
shelal,1
tamet,0
rifaudot,0
anathana,0
bsuc,1
andjenna,1
aszymans,0
kserrano,0
ygombet-,0
ochetrit,1
jeada-si,1
melmarti,1
sedincer,0
krfranco,1
malwis,0
vfresnai,1
neleon,1
chbriand,0
npirard,1
almounib,1
pbackeko,0
jeromane,0
rlagraa,0
rderkaza,1
mlefort,1
ydiouf,1
skassimi,1
tatan,0
iyatera,1
tsarrazi,1
vinovais,0
cbellanc,0
ssghioua,1
isouacha,0
ikuti,0
mduchauf,1
calizade,1
napham,1
abouida,0
hezarka,0
bissenma,1
astraore,0
ede-cola,1
stouahri,0
gpaupher,1
ngeny,1
mhommet,1
msene,0
hbrito-p,0
yrio,1
jco,1
trimize,1
aradix,1
adahmani,1
samara,0
schowdhu,0
lboucher,0
aakitar,0
emfranco,0
asun,0
mxie,0
rrisseli,1
lkhalifa,1
locherif,1
aoriaku,0
tajavon,1
dadjaffi,1
nvoltair,1
tespandj,1
llgarcia,0
jde-sain,1
udumas,1
mahdiawa,0
mcombell,0
fboughan,1
kipouliq,1
pantonin,0
ndahi,0
nlouiza,1
scimkaus,0
evrabie,0
klemniai,1
nemartin,0
tturpin,1
dsouzdal,0
ahamadac,0
joemende,0
abalasub,1
scharlot,0
ahambric,0
yantoine,1
jbrousse,1
rtest,0
hhedjam,1
aboukezi,1
nsiefert,1
helmi-al,0
yadel,1
jreix-ch,0
kanciot,0
nghansy,0
tcharuel,1
cballet,1
jewu,1
bmebarki,0
mbest,1
nbardavi,1
kahoumou,1
scambier,1
azou,0
msloot,1
aelie,0
acronert,1
aarioua,0
yabejani,1
iatek,0
ahuctin,0
mvoisin,1
aule-bre,1
dkittaya,1
fsharafi,0
nabboud,1
acoulon,0
ruda-sil,0
mterraf,0
macheuk-,1
anthmart,0
ekertel,0
lmahe,1
advasque,0
savalent,0
thbasse,1
lmannone,0
mhammoud,1
aleite-b,1
rihoy,1
caguillo,1
rchourak,1
hareynde,0
cossadon,1
dataghzo,0
thmartin,0
alsiavos,1
lkingbo,0
ltufo,1
jqin,0
gpeiffer,1
rissa,0
ybenbara,0
mchamsa,0
sabakar-,1
smetaoui,0
vde-vett,0
pchi,1
evlim,1
marabari,1
ichahid,1
thurel,0
akhedhir,0
tchalaou,1
mamalaj,0
ftanon,1
vlaggoun,1
lricciar,0
jchau,1
eberges,0
saamrane,0
whamdi,1
mgeiger,0
aconstan,1
tlam,1
lnunez-t,1
cfix,0
mmauchre,1
adupuis,0
placombl,0
mbrandao,1
bifernan,1
mbensale,0
tmiailhe,1
npagnon,1
dmohen,0
gparizer,0
bbelhass,0
pepie,1
fcouserg,1
lsrimuru,0
lluzurie,0
cumoncoq,1
cbar,0
vmondor,1
mevonuk,1
jegirard,1
fabenabe,0
ezohin,1
ymeskine,1
tfusier,0
cchagnia,0
lnjoh-tc,1
pollivie,1
ahuguet,0
aabou-hu,1
bbrassel,1
gbeaudoi,1
nclassea,1
svolodin,1
smalaqui,1
lvilaysa,0
dafuente,0
gcaptari,1
ylenoel,1
mpioli,0
sould-ab,1
mshereme,1
ahbey,1
cleamara,0
eettalbi,0
lgarfi,1
vbui,1
xuzhao,0
cbiteau,1
dsaidji,0
antgabri,1
dgerhard,1
nbelkace,1
ytouihar,1
zbenaoud,0
akrstic,0
arguez,1
sgabsi,1
moouahab,1
smorin,1
sgandum-,1
gegeniey,1
theofort,0
minliu,0
mcolmar,0
nmara,0
joteng,0
mrajic,0
aadjanou,0
jrosenbe,0
lmaillot,0
rdelfoss,0
ibfadili,0
bchevest,0
lpinier,0
lugautie,0
jrigueur,0
ebayee-a,0
luctan,1
imerzoue,0
dtourne,0
pgrellie,1
aminelbe,0
agolding,1
kbrylins,1
yookycho,1
acote-de,0
rbalazs,1
elefonta,1
bmalbois,1
ninguyen,0
goberrei,0
aubertra,1
akaboubi,0
ptchoula,1
calucien,1
risufaj,0
naboufli,1
cthuong,1
mgermana,1
amonot,1
aidferna,0
earnera,1
aroualid,1
armorsli,0
lmokhtar,1
ktexier,0
jealefev,1
sait-ahm,0
sarbaut,0
mamahtal,1
gtoure,1
mdelrue,0
ftholoza,1
mattda-s,0
tauer,1
saelkhia,0
gallorca,0
anaubert,0
daeunki2,1
bjarrari,0
drituay-,0
sben-tay,1
ayaperce,1
chlimous,1
kkashper,0
axbaudri,1
rgiraud,1
elsikira,1
linehrha,1
ketrevis,1
dsatge,1
ylouvel,1
poaliiev,1
aabed,0
rgilliot,1
vbarbera,0
rjean,1
tfaivre,0
abdali,1
smeddour,0
gndualu,0
mleodone,1
vopekdas,1
bafkhami,1
jainsua-,1
ljannet,0
mglikenf,1
lumaret,1
ededemog,1
glaborie,0
ybenit,0
fg,0
jsommet,1
tpassin,1
fezzaoui,0
pkachaev,0
leochen,1
rachamla,1
amiah,0
en-duku-,0
narefi,0
jumorill,0
souaguen,1
stfaure,0
paumeyer,1
mbenameu,0
wstrainc,0
nbahri,0
parie,0
tdel-rio,0
ynormand,0
mbouregh,0
mbekheir,1
librilla,0
jlahaye,0
rrabhi-f,0
elondy,0
labrouk,0
hugmonch,1
lruan,0
brjoves,1
alaw-dun,0
yrigny,1
nghuynh,1
calbor-p,1
caperrot,1
trolland,1
amadelei,1
albokanc,1
abouchar,0
gle-cour,1
arenar,0
tjamaux,1
selaloui,0
cattal,0
akdovlet,1
gschwand,1
mngoie,1
febouana,1
rsanou,0
abremont,1
romainco,0
rmontmou,0
emehdaou,1
nachour,0
ncouton,1
ccottet,1
tburtin,1
emushtaq,0
hmekkas,0
elbenbra,0
cbelance,1
hsoumare,0
gbazart,1
ndouziec,1
vpereviz,0
baiannon,1
akeita,0
mafritz,1
liling,0
anstuder,1
abhadini,0
hsaif,0
rennaoui,0
memoutou,0
emontser,0
nabouhab,0
yel-abid,0
mtayaa,0
mgeorge,0
sarbouha,0
alasri,0
yeleal,0
gbrunet,1
maiboyer,1
yrigadum,0
cparot,1
albarre,1
bkayser,0
alvohnou,1
merhovha,0
rgnanaso,1
apintus,1
enschnei,1
lkanoute,0
llaouej,0
tbabou,1
mkebe,0
shibaoui,0
sidiallo,1
iouajjou,1
mcharron,0
opdi-bia,1
rafaria,1
ctruchot,1
sciurusn,0
hcooper-,0
umbaris,0
rrouault,0
sguillot,1
nbispo,1
nleoni,1
anomel,0
mmiilpal,1
armamarg,0
tbarret,1
ledelbec,1
gvan-kem,0
kgriset,1
vquenard,0
baverdy,1
bborry,1
theveste,1
zdjitte,1
agranjon,1
yboufrio,0
obrehier,0
mmahfoud,1
kasinger,0
juvazque,0
sbandaog,1
ahors,1
pvorapab,0
razouani,1
alfloren,1
rpodosek,0
maverqui,1
oumoukrz,0
vlafouas,1
kdorlin,1
vafleith,1
apetitco,1
ebouffet,0
rguillem,0
jlatour,0
olambert,0
sty,0
pilevy,1
cle-corn,0
emauduit,1
klefranc,1
vstineau,1
yabdilla,0
kfortes,0
jsavigna,0
sonouelg,1
dbaizid,1
eschussl,1
htassain,1
yren,1
judenis,1
ebaillot,1
thenwood,1
tcharpil,0
lberaha,1
dlin,0
lbunelle,1
gholloco,1
jtagmi,0
amathiss,0
wnocchi,1
sbo,1
anbonin,0
agallon,1
jhoratiu,1
skapersk,1
ybauer,0
rparodi,1
slakhdar,0
rogeneve,0
jgharrad,0
zmogne,1
cchiha,0
lhuet,0
spetit,0
emarchan,0
smoreau,0
amassard,0
glachaud,0
laortega,0
jodescha,0
ocoutiez,0
rka,0
pravoire,0
avelluet,0
ggilaber,0
moahnich,0
jbrunet,0
vicpoira,0
bpointud,0
mediaz,0
cpetel,0
rchutaux,0
pgauthie,0
treuliau,0
marcole,0
sladdi,0
larlouis,0
ojenny,0
kestelle,0
dcoline,0
rablondi,0
qily,0
kel-mout,0
dmekhich,0
cgadari,0
cjacob,0
cazhang,0
atouboul,0
yel-kila,0
vvaz,0
vaolivie,0
vastesan,0
tirandri,0
soujaji,0
schoukri,0
sloubeyr,0
sguerfi,0
sedel,0
sadouane,0
sphillip,0
sberton,0
ssamir,0
schelli,0
sbenyahi,0
rkamli,0
rcoutten,0
rbar,0
npatte-a,0
nchicot,0
nhun,0
nbilotta,0
npuisses,0
ncheng,0
nfadli,0
nvitkovs,0
npastres,0
metran,0
yookchoi,0
yleal,0
yatlaoui,0
ttawamba,0
sbernard,0
suzbekon,0
stroy,0
sganbat,0
sdincer,0
saweber,0
selkhia,0
samrane,0
rwalls,0
rgeneve,0
plima,0
odi-bias,0
nperol,0
nimohame,0
nbanga,0
narnaama,0
nbolbat,0
mele-duc,0
mbokatol,0
minkkwon,0
miliu,0
mkolli,0
mbedi,0
marivier,0
mle-hen,0
mfaber-b,0
mmarcade,0
mvidal-f,0
mzenina,0
msouioun,0
mariunba,0
meboa,0
mgningue,0
mareymon,0
mrabaris,0
mak,0
madde-ch,0
lbojko,0
lchrista,0
ltoure,0
livarga,0
lp,0
lowen,0
lcuer,0
lclaudon,0
kfragnea,0
katperei,0
jblayo,0
jnormand,0
jboitel,0
jtheze,0
jthenot,0
jedenis,0
jrivolie,0
hmathys,0
hzarka,0
hansabim,0
hakzegli,0
haluo,0
hiazza,0
ggestin,0
frenard,0
fsylla,0
fali,0
fkhatib,0
fguo,0
erngo-ma,0
enluvsan,0
darenard,0
dalinh,0
clpayell,0
cllor,0
chemiry,0
bibat-er,0
aulevall,0
aufauchi,0
angbenoi,0
anpoirie,0
amelkhia,0
ellim,0
emires,0
juandrie,1
cafitas,0
lpetel--,0
pbosc,0
aagathe,1
msalahed,0
jlise,0
oluciell,0
lfatma,0
kjoshua,0
qly,0
antlefeb,0
seoul-dm00,1
hzaz,1
melba,0
buseven,1
test-transfert,0
calamity,0
tcaborde,1
mpierron,0
sde-goif,0
eottogal,0
fveltron,0
eborgono,0
faielli,0
kprobst,0
plopez-s,0
cmastria,0
paugarci,0
ecastell,0
asundas,0
rservadi,0
lpuerto,0
pagrawal,0
cbeneven,0
dreggian,0
elanzave,0
egenoves,0
gbosso,0
cgalimbe,0
fportal,0
egiaoui,0
jgerrer,0
emmgarci,0
ldahan,0
erebeix,0
aberard,0
mauvrele,0
makbulut,1
tjacomel,0
gleheris,0
dpavliuk,0
cgrandma,0
pmarkita,0
sawatana,0
vkoun,1
oherman,1
ykeciri,1
mlesueur,0
martchak,0
trobert,1
lfrederi,1
mherault,0
epineau,0
momadani,1
cdesombr,1
jnivain,0
omoudni,1
nburel,0
gcornu,0
dgeorges,1
aumarin,1
mmalgoui,0
achabane,1
mchebbi,0
ftegan,1
gkelsie,1
ysaidi,0
obayle,0
gbarker,0
avaures,1
ascotto-,1
kdakota,1
ssawane,1
schung,1
cmichael,1
jlamonic,1
pcorina,1
hharold,1
truthe,1
bjustice,1
breadyma,1
phella,1
kyelena,1
hmanilow,1
amaribel,1
cgretche,1
mlakenya,1
rtire,1
mlarra,1
qestefan,1
sevanson,1
rfederer,1
bkristen,1
jmabel,1
areel,1
mmarcele,1
vambassa,1
ptarrago,1
lcorinna,1
mcherrie,1
hcolumbu,1
dmorton,1
medeana,1
sotherys,1
bpoetess,1
nenvoy,1
vwaldon,1
iugolin,1
modysseu,1
refrain,1
nposidon,1
mbesan,1
urosby,1
econtess,1
venastur,1
cthresh,1
areidtest,0
codeathon04,1
codeathon03,1
cguyot,0
cesanche,0
jbourad,0
lhoreau,0
pndao,0
lgibergu,0
sbelmadi,0
saboulkh,0
ghuan,0
sbouaich,0
ctaillez,0
aslimani,0
tandriam,0
wil,0
keokim,1
ccottin,1
prabaud,0
lcombes,1
agarbour,0
lrandria,1
pneau,0
asavin,0
aseguine,0
ihamila,1
chleroux,0
rcollas,1
zzhu,0
myrmarti,1
tnadaud,0
amarie-c,1
iabidi,0
vmercier,1
qdam,1
lgeoffro,1
cnaciri,0
lclement,0
tgallard,1
cmaginot,1
xsaulnie,1
nabdiou,0
fmikart,0
cdelepau,0
ifilip,0
amande,0
sjan,0
cnoel,0
cmariot,1
sconcy,1
tconte,0
ocoste,1
mbennace,0
odiallo,1
jlopes,0
cboutier,1
rflaque-,0
fmonbeig,1
qillouz,0
bifrah,1
fgojard,0
esivre,1
anizard,0
xizhao,0
mtsuji,1
lpicques,1
cbouhire,0
pespin-a,0
kosapnov,0
tlajoye,0
dmedou,0
tihertel,1
thbensem,1
flee,1
mkralik,1
abensett,1
crothen,1
csteinme,0
mderuell,0
hduissi,0
llalba,1
zferdjou,0
otur,0
msilina,0
rsanford,0
gsap,1
maduaka,1
dagbato,0
ahocine,1
hfaramaw,0
ytak,1
aduclaux,1
llaunay,1
yejlee,1
opacaud,1
msodandj,0
emedina,0
gadeneux,1
hissiake,0
nsamadi,0
nabaoui,1
nlavroff,0
omarius,0
efrancon,1
shojman-,1
emaleuvr,0
hrazanam,1
gamarcha,1
jchong,0
lbrion,0
lgarnier,0
hrakoton,0
cmartign,0
jgourlin,1
jahmimid,1
lraffin,1
flmastor,1
rarousse,1
whazami,1
gduchate,1
aselva,0
okushnir,1
mramzanz,0
asantos-,0
ntouazi,1
hkhater,1
ddelena,1
dmorty,1
acaren,1
myael,1
cdarrell,1
cvenkman,1
kmandy,1
schriste,1
gmother,1
vbackyet,1
mreynold,1
cliza,1
jodoe,1
louise,0
luciole,0
jaemjung,1
hvayon,1
aheidy,1
nleyton,1
exerath,1
arichie,1
njacques,1
dlana,1
gjacqual,1
zurag,1
sstyr,1
fuserwyn,1
vellie,1
bferny,1
mwittenb,1
acollin,1
krnearin,1
heveline,1
skelly,1
tjamis,1
mslyther,1
obeedril,1
jobyun,0
adegadri,1
madiallo,1
vendetta,1
sgaubert,1
estoffel,1
chbadad,1
rsalah,1
anshena,0
engo,1
egiacomi,1
msekhara,0
dtanigaw,1
ejeon,0
ajearuth,1
mghayas,0
lbournis,0
dyoula,1
emtran,1
eazenag,1
avan-bre,1
qujacob,1
fdiallo,0
vloth,1
ecoynaul,0
pmonceau,0
yateq,0
echamaye,0
sdiril,0
rtournet,1
cjerroud,0
jkaruk-m,1
chduong,1
dbeaucha,0
akloo,1
sthemelo,0
chajax,1
rchateau,0
adrye,0
tbirdper,1
prochell,1
hbrent,1
mlizzie,1
frodney,1
majacque,1
hlichir,1
mrezzag-,1
ngomis,0
tfrancoi,0
msanjuan,1
jmlynarz,0
nmenezes,0
lcavallu,1
mbenamar,0
aphilome,1
csamuro,1
ikael,1
cmois,1
senglish,1
wmachrou,1
imora,1
lgaducew,1
etran,1
ecirilo,0
esafar,1
adaloui,1
sbeaujar,1
smoradel,0
naben-za,1
mgusakov,1
arolland,1
lweibel,1
dmonreal,0
cthomas,0
viglesia,0
achane-l,1
smagdela,1
ayekani,0
mderome,1
sdummett,1
yhwang,1
wlo,1
cmoncoq,0
akuntzma,0
cle-gran,1
agondard,1
sfatima,1
eushor,0
amortazi,1
jnougaro,1
msamoile,0
asmaliak,0
hde-bels,0
sadjigui,1
msosnova,1
mlagrabe,0
hperepol,0
mshahrva,0
jodufour,1
szapata,0
oandroso,0
sboutet,0
bbrassar,1
digameir,0
fbertran,0
cproesch,1
gnevoa-p,0
xuwang,1
cwathany,1
kmaciel,0
sabbas,0
mjean,0
acerdan,1
tgeorgin,1
fboumell,1
mmalaj,0
snarain,1
kguillou,0
jespinos,0
eada-ngu,0
ldaumas,1
adarnaud,0
ykassim-,1
nammari,1
anadege,1
kchen,1
bbaatar,1
tmanolis,1
pquoico-,0
crondeau,1
bdumonet,0
preneva,0
medoux,0
soabboud,0
yaabada,0
yamezabe,0
tjean-ba,0
prranges,1
hdale,1
galetha,1
gmckinle,1
tquirinu,1
pveeta,1
byuri,1
dleaves,1
dredfort,1
kgolda,1
ghanh,1
rmoaney,1
tmillenn,1
wjonatho,1
ptopping,1
chasimir,1
crobot,1
gulwyck,1
ybougre,0
enouacer,0
mhardeli,0
kelim,0
gmina,0
ytahri,0
msacchi,0
sfelenbo,0
akhinach,0
crohart,0
abursuma,0
camaral-,0
madupuis,0
angevorg,0
hguillam,0
nbiffot,0
tmazas,0
mbokbot,0
bmassero,0
kgugunav,0
rtemimi,0
anrabine,0
lngombe,0
kkouame,0
mokone,0
mhufnage,0
nhassani,0
ahababou,0
mguilpar,0
sguichar,0
jguenand,0
ggratado,0
mgaland,0
test,1
absolem,1
bgeronde,0
adummy,1
qurobert,1
pgoudet,1
alabalet,1
tkomaris,1
malbrand,1
rribera,1
pbasin,0
msion,0
aroma,1
edvicair,1
jholl,1
elemenag,0
mgallizz,1
hkortbi,1
tokino,1
asgaulti,1
cle-lan,1
chlandol,0
cmoyal,1
relie,1
abrun,1
rnicolas,1
jraffin,1
jchevall,0
wcaussig,0
mbenabbo,1
asadali,0
yfleyeh,0
tlux-rom,1
jniel,1
asery,0
jgingast,1
gpiriou,1
nessayan,1
agiraude,1
ldesnoye,1
rcarlier,0
edahan,0
abesombe,1
awery,1
nhuet,1
mdkhissi,1
cbadad,0
rgeny,1
jahuang,1
jdemenet,1
plebiez,1
thamon,1
afaure,1
bemann,1
sharboul,1
qduarte,1
tlebouvi,1
lgelinet,1
ppoinsin,1
ahamdoun,1
jberredj,1
gucamuze,1
acoudert,1
edjavid,1
mdaillet,1
nbouhada,1
prawda,0
mlorette,1
bgoat,1
nbirdper,1
igearhea,1
lmushroo,1
bseven,1
dpatrica,1
tgildero,1
grvelva,1
dduck,1
avivien,1
wbryon,1
rburton,1
jberegon,1
warchang,1
tsaiyan,1
hcherrie,1
sjacki,1
mturquin,1
gvelva,1
cwatcher,1
lpeggy,1
cerebus,1
edebi,1
chandsom,1
mclown,1
sthrace,1
jraye,1
mchaya,1
mehtel,1
aanette,1
jkeitha,1
rriddler,1
ssobchak,1
fmira,1
bmicheal,1
fteodora,1
apenrose,1
sgrondin,1
adebarle,0
dchheang,1
lgrillon,1
maquentr,1
tscandol,1
slouis,0
mtogbe,1
mkeshet,0
morahimi,0
pcottet,1
tpatroui,1
calide-n,1
soukamar,1
yvervier,1
tlemesle,1
ndel-ben,0
nargouse,1
hphanixa,1
nvasilev,1
mterkhoy,1
mchibane,1
nrubin,1
clauzeil,0
btriki,1
rberthau,1
souicher,0
jrivoire,1
pcarlier,1
pbonilla,1
inhow-ch,1
lpascrea,1
tmatis,1
flohrel,1
kmazier,1
lbelbach,0
houatman,0
flanet,0
vazra,1
adelille,1
spoliart,1
ppitavy,1
qroland,1
thtanguy,0
jfieux,1
ormartin,1
vdamiani,0
vvernhes,1
zel-idri,0
gpetit,1
arguilla,1
jurichar,1
loguilla,0
adreyer,0
lroudier,1
lefendie,1
tduong,1
aazra,1
eoliveir,1
ybendavi,1
pmarchal,0
lebourre,1
mde-la-s,1
kaalexan,0
aguerbou,1
trouchon,1
rokerjea,1
amontaut,1
ecariot,0
jbaud,0
tgabello,0
barodrig,1
kvong,1
ebarguil,1
agbosch,1
lech-cha,1
ssar,1
trobin,1
rcercas,0
lyie,1
gtaverne,1
ljan,1
iguscett,1
jacher,1
adconsta,1
dkong,0
mdelahay,0
mpochard,1
flplace,1
iderighe,1
pbrochar,1
nbascaul,1
jcolmou,0
acoinus,1
rdaoudi-,0
mlamothe,1
fcatinau,1
sferard,1
threiss,1
serb,1
ffibleui,0
kjaco,1
cjettie,1
srickard,1
pllucian,1
rchelsea,1
gtresa,1
dcordeli,1
mhogg,1
fbrightw,1
ssylvana,1
skitsch,1
bmaegan,1
buthor,1
tlucanti,1
apending,1
eerika,1
bbetsey,1
tevelyne,1
wmadison,1
evirgili,1
gbreana,1
myuonne,1
wcatwoma,1
thi-phng,1
ibdiallo,0
lnyamets,1
reach,0
cjebrak,1
nivaniuk,1
requinch,1
anbourge,1
htizi,1
litsmail,1
aben-mch,0
bahaas,1
gcornet-,1
apommier,1
mamartin,1
erecuero,1
nnateghi,0
aleroy,1
lsoulier,1
tale-fau,1
mroly,0
anachid,1
labintei,1
mdouadi,1
letran,1
ldermign,1
ttranche,1
tmoragli,1
kelaurie,0
hdidelot,1
mabidi,0
agcolas,1
dsereno,0
ehautefa,1
pblagoje,1
seyun,1
zchahed,0
wel-mahj,1
nfaivre,1
ejahan,1
malatini,1
mmanche,1
smellouk,1
vbotte,1
jcazabat,1
abrabant,1
mabuchar,1
mnameki,1
seciurte,1
armendes,1
thhusser,1
jkromer,1
tnave,1
nle-biha,1
adeburea,1
tigerber,1
jlecomte,1
hyungyoo,1
astefano,0
aauthier,1
hlucie,1
jbondri,1
mlebrun,1
clbrunet,1
yedery,0
rmouduri,1
lhay,0
dhers,1
pipicard,1
ldrieu,1
mharmand,0
mmaurais,0
besellem,1
dalitt,1
llescure,1
nel-masr,1
vhemeret,0
ckasyc,1
bben-yaa,1
sameye,1
kaye,1
erlajoua,1
thsamina,1
mpop,0
apicorne,0
jode-vri,1
vintran,1
thpham-v,1
cguitel,1
mloubet,1
lmasson,1
xchalle,1
sjeanjea,1
imaalem,1
wszurkow,1
smisset,1
oozsertt,1
wiozsert,1
melperri,1
echin,1
acastelb,1
nvan-aar,0
vfurmane,1
mpanza,1
mbenmesb,1
pflorent,1
sbauer,1
adlancel,1
achaing,0
ddecourt,1
clorin,1
eantoine,1
jgabriel,1
atruphem,1
hkaczmar,1
abahmani,1
thsembel,1
sshakya,1
bnegron,0
mdupuis,1
mde-la-r,1
nbauduin,1
eriling,1
vducloux,0
vacharle,0
anelet,0
phardy,1
dquordle,1
welease,1
fgrisell,1
mhumfrey,1
hwoodwri,1
acaryn,1
mmyrtice,1
ugreyiro,1
bmarilli,1
etorren,1
jmontagu,1
jsimon,1
hmickey,1
lignigno,1
wdonald,1
mwinter,1
cmerope,1
gvenonat,1
suzumaki,1
dgallard,1
agigi,1
meldora,1
tsidney,1
aherlind,1
jjacquel,1
maragorn,1
ealease,1
mstyr,1
cassassi,1
swahb,0
upeyret,1
jusaint-,1
sobouatt,1
wmari,1
glebon,1
ranaili,1
glaverdu,1
sbadoud,0
abestaev,1
yaainouc,1
gefaivre,1
adrlamy,1
cprimot,0
mdanglad,1
amaroni,1
aestor,1
adenhez,1
calle,1
mtellal,1
tjudlin,1
dpoinsu,1
aldamien,1
adesvall,1
abousseb,0
edscott,1
bkemssu,0
mbonnet,1
vloiret,1
tvogel,1
tsignore,1
mprigent,1
mzhan,1
tmartine,1
abelosev,1
evigla,0
sravier,1
tel-said,0
tarcay,1
gpaul,1
rsanchez,1
bzalugas,1
ellacroi,1
earnaud,1
cbeaurai,1
spayeur,1
ugdaniel,1
abourdar,1
dchonvil,1
tallal--,1
eaubert,1
adeleau,1
axaidan,1
mbeaujar,1
adpillia,1
echoppin,1
jescully,1
jdamoise,1
qsadiku,1
atinseau,1
kejebane,1
nngoubil,0
rvillare,0
anguinau,1
adupuy,1
nbentaye,0
svrcelj,1
kcao,1
imaruani,1
avillar,1
tbelhomm,1
alerhala,0
shkadaik,1
gkatounk,1
gcolomer,1
ddiakova,1
echuong,1
phbarrad,1
gmorange,1
madaniel,1
pgueugno,1
hefernan,1
eydupray,1
llapraz,1
caugier,1
lpassera,1
vbertaud,1
shamizi,1
huthiess,1
lbetmall,1
paris,0
daziza,1
lguifo,0
mgris,0
gsalle,1
krizk,0
bmayer,1
tthibaut,1
caubry,1
sphav,1
pguignie,1
abaudot,1
mnecib,1
jgao,1
pboidin,0
sserbin,1
trodrigu,0
bislamov,0
csejault,1
bcoenon,1
cgranja,1
lle-briq,1
tmorris,1
nleguill,0
ppiques,1
datack,1
ali,1
egaliana,1
dclark,1
cwagnier,0
ckulwora,0
gufestin,1
bmerchin,1
ebedoise,0
lbenhaim,0
tigoubet,1
laliao,1
mlebard,1
cmarien,1
nprats-e,1
cbordier,0
vjankovs,1
aleconte,1
grannou,1
acousini,1
bsamzun,0
masboula,1
mdemazur,1
mlaneyri,1
twagner,1
stfernan,1
sbessaha,0
jpauline,1
cjullien,1
dodjian,1
ababaei,1
shemami,0
mmahias,1
ndemont,1
mqueguin,1
mkhabou,1
yathomas,0
hsaadaou,1
khelegbe,1
rblondel,1
abaccouc,1
aloubar,1
emlecerf,1
mlecuyer,1
acabiac,1
ldarciss,1
cboudard,0
aessakhi,1
lmoreau,0
ggiquiau,1
ldes-cou,1
ade-butt,1
nboisde,1
iouali,1
jpeyron,1
szenk,1
vbachele,1
cbignon,1
ddaumont,0
mvoltair,1
aachbaro,1
mlarboul,1
dscriabi,1
jmazoyer,1
abiju-du,1
eboutill,0
cferrari,1
mclayett,1
jtrauque,1
asenouci,1
asanson,1
ychmielo,0
rponsonn,1
cmzayek,1
msainton,1
tvachera,1
mganneau,0
mbergade,0
sjafarza,1
cregazzo,1
gsegbeay,1
jetrouve,0
atron,1
sabrina,0
moo,0
hhhh,0
mrahmani,1
jricafor,1
rrolland,1
klabeau,1
tren,1
ccouliba,1
tyuan,1
edm,0
thound,0
emachrek,1
efinicke,1
akrissan,1
dacohen,1
mzatar,1
secullod,1
sdesseau,1
gdupont,1
agranger,1
opassin,1
lfchouch,1
ngenadie,1
jdidier,1
fayel-ha,1
ifaveur,1
frchaban,1
gpatingr,1
lweglarz,1
lnoaille,1
ybesbes,1
cmarley,1
zbourhan,1
ael-ouis,1
abordack,1
tcosse,1
clemaist,1
mfissier,1
cmenasse,1
tpouget,1
ebaldos-,1
vduriez,1
tterrail,1
rosmith,1
rarce,1
ctogoe,1
fsacquin,1
jtrebes,1
jde-beau,1
wluong,1
mjanela,0
phaslan,1
jsauveur,1
ade-cham,1
pcharton,1
lomeniga,1
mseligna,1
avaltat,1
jfremond,1
fniagolo,1
vlengaig,1
rgilles,1
rkhelif,1
asimoes,1
ilamim,1
jumaison,1
dchampda,1
mleam,1
wben-far,1
yhouari,1
iren,1
dsaada,1
mlaouedj,1
amarini-,1
sfabre,1
bpouchep,1
aaltun,1
mlacheny,1
gchopin,1
kvalere,1
tcarasso,1
alrodrig,1
aderose,1
phernand,1
bcano,1
lafontai,1
elouchez,1
gmargrai,1
jzeybel,1
ogenser,1
gfritsch,1
orfreoua,1
vbaron,1
eyoo,1
julboyer,1
modinot,1
hyulim,1
sucho,1
fgandega,1
ryolejap,1
snow-old,0
askobins,0
jerry,0
evan,0
arwn,0
mathilde,1
alangloi,1
aguenel,1
bothilie,1
mat,0
tiin,1
apreymon,1
mkayumba,1
karibenn,1
benmoham,1
frbalduc,1
lemarabe,1
satadjin,1
enrduper,1
yanboudr,1
lusokol,1
ychair,1
sothomas,1
alkanaev,1
krisocam,1
flolefeb,1
dabey,1
alesanto,1
ojauregu,1
vda-silv,1
anclarma,1
salabyad,1
rmendy,1
vhountch,0
ykaddar,1
kchadir,1
smarcais,1
kelbedad,1
drouille,1
pbouet,1
jmaisonn,1
sgirard,1
gigregoi,1
etexier,1
dfiquemo,1
smakaya,1
adelorme,1
bmbark,1
cldidier,1
bmellouk,1
idestign,1
ppuchol,1
bdruez,1
asaboure,1
nmalkawi,1
vlacombe,1
mlopes-d,1
jcluzet,1
gmaris,1
tguilbar,1
tidminta,1
yarab,1
mourdani,1
thi-nguy,1
suahn,1
mvidal-a,1
fdidelot,1
mhenry,1
treiss,0
evuichar,1
karmand,1
mmoulin,1
mzblah,1
rqouchic,1
agautier,1
ncoudsi,1
phnguyen,1
jsaguez,1
lchapren,1
al-humea,1
vmarchet,1
eribeiro,1
rbourgea,1
audales,1
julnolle,1
jfeuilla,1
dhaouhao,1
bsellem,0
leschwar,1
ramin,0
fleger,1
gizawahr,1
flmarsil,1
codebrai,1
dyseban,1
nabbassi,1
ambelkac,1
dmontgen,1
chdespon,1
motoure,1
yltardif,1
bkany,1
yotillar,1
mettien,1
bbrunet,1
hthomas,1
adbenoit,1
hboucher,1
vlugand-,1
lzaccome,1
nfauconn,1
mmadani,0
gde-sant,1
macasubo,1
hteissei,1
jmercier,1
fory-lav,1
prebeca,1
mbrizion,1
hdurand,1
ateixeir,1
amanchon,1
cmagnan,1
mbelorge,1
clbouche,1
cbou-naf,1
llepage,1
challeau,1
tseminat,1
lubmarti,1
qufours,1
iguidado,1
rvalton,1
smira,1
fcoudert,1
lnelson,1
jgonfroy,1
acoudouy,1
ylegzoul,1
eteillet,1
vmoreau,1
nmbabazi,1
magatine,1
agiraud,1
hpottier,1
fregulie,1
mida,1
pdrion,1
rrhrara,1
bvalette,1
dpiedra,1
ellarbi,1
kgouacid,1
lmoi,1
psaumet,1
tallaire,1
jtsang,1
vdepluch,0
cjung-mo,1
abonte-l,1
alpascal,1
mvaldes,1
cchrysso,1
cchenot,1
moudmine,1
olelong,1
csegal,1
mbourand,1
jelarose,1
hakoh,1
jlesage,1
jocaille,1
mavileo,1
stelie,1
ayuroyet,1
ericard,1
llefranc,1
vbusnel,0
tde-phuo,1
ibenchei,1
clesaffr,1
abouchau,1
lryst,1
ade-garr,1
mravily,1
hboudarr,1
keulee,1
pmouhali,1
mdereuse,1
alebross,1
ddos-san,1
lfallet,1
josaykos,1
frfrance,1
thgermai,1
rbuisson,0
lucisanc,1
flaouid,1
fassani,1
jkomatsu,0
lcoiffie,1
lfourner,1
nforay,1
mabriand,1
edal--ce,1
lbenaim,0
budal-bi,1
hherin,1
aychaver,1
piguerry,1
jumarie,1
cofoundo,1
julpelle,1
remekram,1
ayzapata,1
bhaas,0
ketenor,1
fde-fram,1
jbelena,1
lpellier,1
cbouleng,1
bmaudet,1
fyusuf-a,1
jchotel,1
aldubar,1
lnadal-s,1
mle-faou,1
alongcha,1
vronchin,1
jmahe,1
aschwere,1
jherelle,1
paszhang,1
tvanbesi,1
gel-kasr,1
trouveyr,1
asimon,1
alezan,1
achollet,1
pizhou,1
yyuan,1
tberquer,1
ppaglier,1
nlehmann,1
vlageard,1
ybayart,1
aespital,1
vserra,1
ecaceres,1
magostin,1
mlaraki,1
agogibus,1
fmiraill,1
droge,1
esommier,1
pcariou,1
dcyprien,1
mahnich,1
fcavillo,1
abarbour,1
lothieve,1
mperes,1
antignon,1
pgaudeme,1
bolmos-o,1
eestela,1
lejulien,1
elaachac,1
bemoreau,1
adurr,1
tbrouill,1
pravry,1
gkoechli,1
allemonn,1
ypan,1
hzhou,1
raubert,1
nagresel,1
clde-ber,1
chapeche,1
yviavant,1
oroberts,1
mlatinis,0
rameur,1
mbaxmann,1
thzeribi,1
hbaudet,1
mknezevi,1
cmarteau,1
ebourdit,1
abonade-,1
lsarrazi,1
llorgere,1
cramdani,1
abaur,1
nachin,1
tefroiss,1
lcalendi,1
ajeannot,1
tlambert,0
mlouvard,1
babeauge,1
tpierre,1
bmarecha,1
mreho,1
esende,1
dasanter,1
smaccary,1
tsarafia,1
mroux,1
hlevi,1
jchene,1
abonniss,1
thbierne,1
eparmaks,1
tgresle,1
adu-pavi,1
simoulin,1
jalattuf,1
adnaloui,0
frtalleu,1
nsimon,1
nabitbol,1
grezette,1
agaubert,1
gboucett,1
bapmarti,1
yictseng,1
atetu,1
dgoudet,1
mderoir,1
alienard,1
mbrignol,1
erussier,1
copeugne,1
crebert,1
mdelwaul,1
alouis,1
bditte,1
thbeaumo,1
lpignol,1
dkoriaki,1
llaurent,1
yel-alou,1
atrouill,1
nschmitt,1
racohen,1
imaisonn,1
obaribau,1
aedouard,1
adjemaa,1
nouchata,1
mlabouri,1
lnoirot,1
tmerrien,1
erullier,0
dboyer,1
fkorti-f,1
jgiron,1
ldavari,1
addubois,1
ljurdant,1
idhiba,1
ahallain,1
clucien,1
ebiscara,1
rmuller,1
ekurek,1
pacorrei,1
fcals,1
tfevrier,1
alelaval,1
adda-sil,1
xinwang,1
jpanneau,1
atodesco,1
dyoann,1
ugtheven,1
akerloc-,1
nhochstr,1
froussel,1
sraphard,1
shanein,0
jcueille,1
gdinet,1
nsalmon,1
qgimenez,1
dbenzimr,1
nclabaux,1
ygoavec,0
fbougama,1
damouyal,1
avieira,1
vdescham,1
cchudant,1
admadene,1
jfoucher,1
mli,1
mapapin,1
mbrunel,1
thverney,1
elbouju,1
abourin,1
lperson-,1
egeant,1
pcorreia,1
jvermeer,1
slescure,1
anarod,1
md-abovi,1
damgarci,1
amdedieu,1
koelschl,1
smin,1
jukerboe,1
mle-moni,1
antheven,1
avan-pra,1
juligonz,1
qyu,1
asambron,1
cpaya,0
bbellavi,1
sachetri,1
tbigot,1
aaubry,1
ecross,1
gupatric,1
tprevel,1
tlecoeuv,1
rledrin,1
afoulqui,1
ncaba,1
slabelle,1
cbugnon,1
mede-mas,1
yvanat,1
ckwan-ni,1
lcoupier,1
ekindomb,1
nrochard,1
rarihet,1
sachouam,1
adylewsk,1
pohl,1
chgilber,1
mnaude,1
jecaudal,1
hskikdi,1
fmarckma,1
jdussert,1
jvaquer,1
flpinto,1
jeperez,0
ede-banv,1
mchardin,1
lacruype,1
glaurent,1
aduchemi,1
lvirgini,1
robrular,1
tsavale,1
braimbau,1
jiglesia,1
selgrabl,1
alilin,1
fhamel,1
cmorel-a,1
madelaco,1
jereligi,1
hvernhes,1
eassouli,1
remoumni,1
agibier,1
gbonnet,1
saich,1
tamather,1
ocmarout,1
lucocozz,1
ncolomer,1
nayache,1
roalvare,1
cchenoua,1
stbaleba,1
agerez,1
jgrandne,1
cbertola,1
lbastian,1
nieyraud,1
ade-temm,1
wpark,1
rotrojan,1
niduches,1
trbonnes,1
cmeunier,1
tserre,1
asoursou,1
sgah,1
schene,1
rofernan,1
vgoldman,1
dzementz,1
lulebugl,1
yitseng,0
olozano-,1
bbenali,1
vcezar,0
lsudre-r,1
lmoulin,1
edouvier,1
mgarcia-,1
gaefourn,1
mclaudel,1
hcanon,1
paboutel,1
hwinston,1
trdella-,1
plam,1
robriard,1
afreire-,1
aclavel,1
anloubie,1
vabrageo,1
laballea,1
grigo,1
gsharony,1
yobouter,1
jchemoun,1
tmarx,1
aribesni,1
riblanc,1
pkevin,1
nveron,1
alboumed,1
morko,1
bibiche,0
rokupin,1
mciupek,1
safernan,1
pedago,1
lmartin,1
anprenat,1
dada,0
tsantoni,1
cdana,1
vo-nguye,1
mmaj,1
adtheus,1
abenoit,1
oel-ahma,1
bbaudry,1
therbret,1
stourgis,1
smurad,1
alewalla,1
badam,1
cjaimes,1
nidescre,1
juaugry,1
gcointre,1
almarsel,1
esaci,1
thervieu,1
aabgrall,1
kparis,1
acharlas,1
fbeji,0
memartin,1
daprovin,1
rcorenti,1
tharchen,1
ljulien,1
bboisset,1
ssingevi,1
redarnet,1
cdahdouh,1
viroques,1
saboufou,1
thoberth,1
vgallois,1
rasaboun,1
aroppel,1
lnezonde,1
sadarnau,1
kiwamoto,1
mahoang,1
tobarite,1
lchristo,1
frlindh,1
ygeslin,1
asabotie,1
ablanar,1
charoua,1
mle-floc,1
tpons,1
hberger,1
athion,1
cbertran,1
apitoise,1
aaapatou,1
ak-ourio,1
mmercore,1
fgoulama,1
meghezla,1
mjacquet,1
trcharpi,1
xzhao,1
ldinguir,1
loamar,1
tebetta,1
haguerni,1
iserzhan,1
pganglof,1
liren,1
nireznik,1
jnguyen,1
othabchi,1
mamaquig,1
vpascal,1
zexu,1
jchauvet,1
frdescam,1
jdurand,1
rmechety,1
nklarsfe,1
mgupta,1
clkuznie,1
yassharm,1
rturcey,1
macrespo,1
akefeder,1
mashar,1
vparekh,1
earruaba,1
aseo,1
dsy,1
tcordonn,1
ldeloiso,1
cyrlemai,1
tpalhol,1
fasi-moh,1
gsmets,1
piguillo,1
pray,1
mbouamir,1
hucoulon,1
qdelaout,1
lgimenez,1
mlormois,1
tjalo,1
pcoureau,1
viporten,1
bbouvard,1
davlasov,1
mabois,1
samarzin,1
cclaude,1
idouidi,1
ale-moal,1
vileleu,1
ltouret,1
jabenjam,1
frthierr,1
nisauvig,1
abarot,1
gbabeau,1
rdeban,1
mvitoux,1
amartin-,1
mpouzol,1
ablanc,1
fcadet,1
lgrellie,1
qperrot-,1
ashishae,1
rchallie,1
vmaokham,1
mdesfont,1
esoulard,1
alsupica,1
amansuy,0
mwane,1
lhuang,1
ggilbert,1
ldemesla,1
hesayah,1
micarras,1
sdunckel,1
corozco,1
asalam,1
ale-baux,1
vverbeke,1
drop,0
yz,0
joe,0
fdoumbia,0
agoodwin,1
shlu,1
cdai,1
mrouabeh,1
ercordho,1
ghsambou,1
rabi-rac,1
cdapurif,1
rchen,0
salimon,1
lana,0
salty,0
manfred,0
karashid,0
clegenda,0
jele-gal,0
jkirth-v,1
jlattuf,0
gpichard,0
chfremon,0
bleblond,0
disky,0
mnishimo,1
etgrout-,0
emrodrig,0
vdusart,0
tgregoir,0
ynakhimo,0
tlamart,1
arbrivot,0
aadamiak,0
kotmani,0
sthill,0
ede-thom,1
jaelee,1
qhammere,0
ejuge,0
lrahaing,0
cvictoir,0
eouaknin,0
pemora,1
dadacruz,1
gadi,0
philippe,1
mielee,0
kcausse,0
aceddaha,0
gjaeger,0
tle-coza,1
pipomet,0
dlaouid,0
dpham,0
ltarchi,0
jpistien,0
vkalin,0
davout,0
lkinzel,0
aberman,0
norminet,0
rneyrand,0
cpark,0
sperez,0
ryaoi,1
mbouchey,0
jpeguet,1
jegloff,1
jallard,0
mbonfill,0
dle-deve,0
rboiteau,0
cszabo,0
gfotiadi,0
adent,1
rpinet,0
abruyere,0
lpoujade,0
plavaux,0
yplag,0
mporcher,0
ssegal,0
mprevot,0
gpittaro,0
wgulista,0
bfrimin,0
jelmalem,0
lvergero,0
matirell,0
dmolet,0
mmercier,0
jfrebour,0
ysoutham,0
fdupas,0
kprimice,0
srison,0
gsauvair,0
lgillot-,0
klouer,0
elacombe,0
fsechet,0
nperrin,0
pvillene,0
blemee,0
pgarnier,0
sdurr,0
jbrozzu,0
thmontig,0
fterrass,0
tnguyen,0
jargot,0
ssachet,0
mpenfeun,0
bbotella,0
tguiter,1
sly,0
jmoreau,0
gle-mier,0
houlekhi,0
atoutain,0
wromano,0
svachere,0
jalcim,0
jmaurice,0
mlalisse,0
sballet,0
mroland,0
jgirard,0
palfaiat,0
gbarbet,0
kgilonne,0
yoreal,0
apergens,0
kcouliba,0
realves,0
mzapata,0
vdefilip,0
ele-goug,0
mamari,0
rgeoffro,0
sconso,0
ivannere,0
lfournie,0
jzimpfer,0
aauge,0
tlegroux,0
spariaud,0
jlinden,0
rapasti,0
thequem,0
sdesnogu,0
nsaintot,0
jaubert,0
greyrol,0
alafouas,0
lcharpen,0
zsarour,0
atorscho,0
abouvier,0
garm,0
bguy,0
mmaudet,0
tmalard,0
vlize,0
kaissaou,0
kleneyle,0
jvincent,0
lbriant,0
jzak,0
aspeer,0
ctreton,0
lredoban,0
mcassagn,0
fbaudet-,0
groux,0
evilsbol,0
jetienne,0
tle-mign,0
bgronon,0
tcollart,0
jlaviez,0
folier,0
akazian,0
janteuni,0
skunne,0
thunerbl,0
fbusi,0
dduong,0
irabeson,0
pgallois,0
jwestpha,0
pivanovi,0
srieu-si,0
mbourlet,0
noich,0
charly,0
ol,0